Station,Station_TH,Month,Month_TH,Mean_m,SD_m,Min_m,Max_m,N_years,Mean_detrended_m
Wat Khun Samut Chin,วัดขุนสมุทรจีน,1,ม.ค.,0.206179,0.076467,0.041867,0.380233,32,0.176215
Wat Khun Samut Chin,วัดขุนสมุทรจีน,2,ก.พ.,0.15538,0.098038,-0.0601,0.321167,32,0.125004
Wat Khun Samut Chin,วัดขุนสมุทรจีน,3,มี.ค.,0.099274,0.07538,-0.047667,0.255633,32,0.068486
Wat Khun Samut Chin,วัดขุนสมุทรจีน,4,เม.ย.,0.028536,0.063677,-0.075133,0.150533,32,-0.002663
Wat Khun Samut Chin,วัดขุนสมุทรจีน,5,พ.ค.,-0.047782,0.060981,-0.150467,0.093033,32,-0.079393
Wat Khun Samut Chin,วัดขุนสมุทรจีน,6,มิ.ย.,-0.130302,0.057917,-0.220067,0.008767,32,-0.162324
Wat Khun Samut Chin,วัดขุนสมุทรจีน,7,ก.ค.,-0.128054,0.06181,-0.2405,0.007367,32,-0.160487
Wat Khun Samut Chin,วัดขุนสมุทรจีน,8,ส.ค.,-0.130559,0.064347,-0.248333,0.021967,32,-0.163404
Wat Khun Samut Chin,วัดขุนสมุทรจีน,9,ก.ย.,-0.103141,0.055309,-0.209,0.023967,32,-0.136397
Wat Khun Samut Chin,วัดขุนสมุทรจีน,10,ต.ค.,0.032577,0.067144,-0.095667,0.1544,32,-0.001091
Wat Khun Samut Chin,วัดขุนสมุทรจีน,11,พ.ย.,0.172646,0.077997,-0.025,0.289967,32,0.138567
Wat Khun Samut Chin,วัดขุนสมุทรจีน,12,ธ.ค.,0.231977,0.077104,0.0725,0.376467,32,0.197486
Laem Chabang Port,ท่าเรือแหลมฉบัง,1,ม.ค.,0.212281,0.071113,0.080975,0.382175,32,0.181141
Laem Chabang Port,ท่าเรือแหลมฉบัง,2,ก.พ.,0.155813,0.092235,-0.04575,0.32735,32,0.124279
Laem Chabang Port,ท่าเรือแหลมฉบัง,3,มี.ค.,0.097908,0.073769,-0.034425,0.256875,32,0.06598
Laem Chabang Port,ท่าเรือแหลมฉบัง,4,เม.ย.,0.025905,0.060121,-0.0634,0.15805,32,-0.006417
Laem Chabang Port,ท่าเรือแหลมฉบัง,5,พ.ค.,-0.054869,0.057993,-0.153875,0.0665,32,-0.087584
Laem Chabang Port,ท่าเรือแหลมฉบัง,6,มิ.ย.,-0.137734,0.048491,-0.226425,-0.029575,32,-0.170843
Laem Chabang Port,ท่าเรือแหลมฉบัง,7,ก.ค.,-0.133697,0.055316,-0.231125,-0.0163,32,-0.1672
Laem Chabang Port,ท่าเรือแหลมฉบัง,8,ส.ค.,-0.131973,0.058041,-0.2298,0.006475,32,-0.165869
Laem Chabang Port,ท่าเรือแหลมฉบัง,9,ก.ย.,-0.09768,0.051917,-0.19445,0.019925,32,-0.13197
Laem Chabang Port,ท่าเรือแหลมฉบัง,10,ต.ค.,0.044686,0.06504,-0.089,0.16935,32,0.010002
Laem Chabang Port,ท่าเรือแหลมฉบัง,11,พ.ย.,0.182486,0.073737,-0.013975,0.30075,32,0.147408
Laem Chabang Port,ท่าเรือแหลมฉบัง,12,ธ.ค.,0.236542,0.071949,0.1094,0.374375,32,0.201071
Upper Gulf Offshore,พื้นที่ตอนล่างของอ่าวไทยตอนบน,1,ม.ค.,0.216322,0.068993,0.094778,0.373122,32,0.182296
Upper Gulf Offshore,พื้นที่ตอนล่างของอ่าวไทยตอนบน,2,ก.พ.,0.167293,0.086956,-0.004944,0.337567,32,0.132876
Upper Gulf Offshore,พื้นที่ตอนล่างของอ่าวไทยตอนบน,3,มี.ค.,0.104283,0.06631,-0.031444,0.238322,32,0.069474
Upper Gulf Offshore,พื้นที่ตอนล่างของอ่าวไทยตอนบน,4,เม.ย.,0.028098,0.059794,-0.062933,0.165789,32,-0.007102
Upper Gulf Offshore,พื้นที่ตอนล่างของอ่าวไทยตอนบน,5,พ.ค.,-0.054957,0.055353,-0.140422,0.041722,32,-0.090548
Upper Gulf Offshore,พื้นที่ตอนล่างของอ่าวไทยตอนบน,6,มิ.ย.,-0.141985,0.045048,-0.213967,-0.041233,32,-0.177967
Upper Gulf Offshore,พื้นที่ตอนล่างของอ่าวไทยตอนบน,7,ก.ค.,-0.140458,0.050927,-0.219122,-0.0407,32,-0.176832
Upper Gulf Offshore,พื้นที่ตอนล่างของอ่าวไทยตอนบน,8,ส.ค.,-0.138391,0.055943,-0.235767,-0.009711,32,-0.175156
Upper Gulf Offshore,พื้นที่ตอนล่างของอ่าวไทยตอนบน,9,ก.ย.,-0.099357,0.051469,-0.195844,0.008856,32,-0.136514
Upper Gulf Offshore,พื้นที่ตอนล่างของอ่าวไทยตอนบน,10,ต.ค.,0.05667,0.067466,-0.0671,0.183311,32,0.019122
Upper Gulf Offshore,พื้นที่ตอนล่างของอ่าวไทยตอนบน,11,พ.ย.,0.190383,0.074623,-0.015489,0.311578,32,0.152443
Upper Gulf Offshore,พื้นที่ตอนล่างของอ่าวไทยตอนบน,12,ธ.ค.,0.24624,0.071722,0.1221,0.391744,32,0.207909
Phetchaburi Bangkawe,ชายฝั่งทะเลตำบลบางแก้ว,1,ม.ค.,0.198466,0.067931,0.074925,0.34915,32,0.163081
Phetchaburi Bangkawe,ชายฝั่งทะเลตำบลบางแก้ว,2,ก.พ.,0.150011,0.083831,-0.01725,0.3045,32,0.114232
Phetchaburi Bangkawe,ชายฝั่งทะเลตำบลบางแก้ว,3,มี.ค.,0.093992,0.062675,-0.036375,0.20925,32,0.057819
Phetchaburi Bangkawe,ชายฝั่งทะเลตำบลบางแก้ว,4,เม.ย.,0.027641,0.056647,-0.057475,0.149625,32,-0.008926
Phetchaburi Bangkawe,ชายฝั่งทะเลตำบลบางแก้ว,5,พ.ค.,-0.042013,0.054044,-0.127425,0.0566,32,-0.078975
Phetchaburi Bangkawe,ชายฝั่งทะเลตำบลบางแก้ว,6,มิ.ย.,-0.120125,0.045961,-0.192125,-0.0192,32,-0.157481
Phetchaburi Bangkawe,ชายฝั่งทะเลตำบลบางแก้ว,7,ก.ค.,-0.119846,0.051843,-0.203375,-0.01555,32,-0.157596
Phetchaburi Bangkawe,ชายฝั่งทะเลตำบลบางแก้ว,8,ส.ค.,-0.117749,0.053986,-0.21095,0.00745,32,-0.155893
Phetchaburi Bangkawe,ชายฝั่งทะเลตำบลบางแก้ว,9,ก.ย.,-0.084987,0.049234,-0.18435,0.01785,32,-0.123525
Phetchaburi Bangkawe,ชายฝั่งทะเลตำบลบางแก้ว,10,ต.ค.,0.056123,0.063005,-0.05285,0.172125,32,0.017191
Phetchaburi Bangkawe,ชายฝั่งทะเลตำบลบางแก้ว,11,พ.ย.,0.178981,0.070271,-0.002925,0.296525,32,0.139655
Phetchaburi Bangkawe,ชายฝั่งทะเลตำบลบางแก้ว,12,ธ.ค.,0.230137,0.068812,0.1161,0.370625,32,0.190417
