Station,Feature,Feature_Label,Feature_Group,MDI_Importance,MDI_Std_Across_Trees,Perm_Test_dRMSE_m,Perm_Test_Std_m,Perm_TrainVal_dRMSE_m,Perm_TrainVal_Std_m,RF_n_estimators,RF_max_features,RF_min_samples_leaf,N_TrainVal,N_Test,Perm_N_Repeats,MDI_Rank,Perm_Test_Rank
Wat Khun Samut Chin,SLA_hist,SLA (t),SLA history,0.09772166826543241,0.1336854307437325,0.014065522699955181,0.0030593508872932764,0.02994254784639206,0.00123978238059566,200,0.5,2,311,60,30,3,2
Wat Khun Samut Chin,SST,SST (t),ERA5 forcing,0.02193693801560469,0.012760542841042923,-0.00033285362145317416,0.0011791831124484003,0.007908989801286579,0.0005857848920201617,200,0.5,2,311,60,30,9,11
Wat Khun Samut Chin,SLP,SLP (t),ERA5 forcing,0.2672994705279755,0.2810691169014694,0.013302187743894323,0.0031347199450119266,0.03155122499488142,0.0013070972153565715,200,0.5,2,311,60,30,2,3
Wat Khun Samut Chin,u10,u10 (t),ERA5 forcing,0.05201186499908499,0.12884427550542715,0.0014282854131558785,0.0005255180485280475,0.006298596960355518,0.0002993083760803582,200,0.5,2,311,60,30,6,8
Wat Khun Samut Chin,v10,v10 (t),ERA5 forcing,0.3042783905827145,0.272982437236061,0.03065307385867283,0.005029611910742085,0.051937676904694655,0.002433901941886944,200,0.5,2,311,60,30,1,1
Wat Khun Samut Chin,SLA_lag1,SLA (t-1),SLA history,0.01633349855207974,0.010984692198537736,0.0010226512331676786,0.00042078728083798367,0.004861799842832975,0.00025173007932563637,200,0.5,2,311,60,30,11,10
Wat Khun Samut Chin,SLA_lag3,SLA (t-3),SLA history,0.025538899185930462,0.025962428500491613,0.0020673915357006297,0.0008601040061114051,0.006872241830421762,0.0005559722332238793,200,0.5,2,311,60,30,8,6
Wat Khun Samut Chin,SLA_lag6,SLA (t-6),SLA history,0.018142196279122547,0.01854874776077852,0.0018212639578171915,0.0005846582769409526,0.006691131121841017,0.0005003591259165845,200,0.5,2,311,60,30,10,7
Wat Khun Samut Chin,SLA_lag12,SLA (t-12),SLA history,0.06794607909848792,0.10812073485488928,0.005820389299834179,0.0016844340128078443,0.02048120820029932,0.001079700725788923,200,0.5,2,311,60,30,5,5
Wat Khun Samut Chin,month_sin,month_sin,Seasonal,0.034657961070136925,0.05373800952671612,0.0013351079907050196,0.0009013548715170518,0.0065903482071548525,0.0005316398286109748,200,0.5,2,311,60,30,7,9
Wat Khun Samut Chin,month_cos,month_cos,Seasonal,0.0941330334234303,0.14881889947990115,0.012167388972307033,0.0028803619486897723,0.02580474544589307,0.0014687858725594425,200,0.5,2,311,60,30,4,4
Laem Chabang Port,SLA_hist,SLA (t),SLA history,0.10214893457806684,0.14469935000171155,0.01558850493333291,0.003218207428304521,0.03324135746836519,0.0011380440103385633,300,sqrt,1,311,60,30,4,3
Laem Chabang Port,SST,SST (t),ERA5 forcing,0.024963990305831022,0.02002279522107825,-0.0008303475365797827,0.0010471832428637416,0.009055435655646898,0.0005577931657023424,300,sqrt,1,311,60,30,11,11
Laem Chabang Port,SLP,SLP (t),ERA5 forcing,0.19194573818815872,0.2471787654745754,0.006831280032410347,0.002025546672753824,0.025669174384785262,0.000898889284218292,300,sqrt,1,311,60,30,2,5
Laem Chabang Port,u10,u10 (t),ERA5 forcing,0.08924606932999678,0.17972543715935582,0.003389694925852907,0.0008036828034067732,0.010496655239216161,0.0004738499688254251,300,sqrt,1,311,60,30,5,6
Laem Chabang Port,v10,v10 (t),ERA5 forcing,0.23096150897574602,0.2675538959842876,0.02110727878825037,0.003952877431047097,0.044806136235678765,0.002064059223416714,300,sqrt,1,311,60,30,1,2
Laem Chabang Port,SLA_lag1,SLA (t-1),SLA history,0.02714871435886585,0.03375444704516395,0.0011059624091610358,0.0006238821833836727,0.008147746080546673,0.00029334156624086466,300,sqrt,1,311,60,30,10,10
Laem Chabang Port,SLA_lag3,SLA (t-3),SLA history,0.04199612196877712,0.047211966504979504,0.0025248266539729214,0.001028055025485305,0.011297342658882457,0.0007090146984517114,300,sqrt,1,311,60,30,7,7
Laem Chabang Port,SLA_lag6,SLA (t-6),SLA history,0.036894836096158075,0.08245435810072091,0.0020243562193075068,0.0005815147357974772,0.008033076655807221,0.00042438067366123126,300,sqrt,1,311,60,30,8,8
Laem Chabang Port,SLA_lag12,SLA (t-12),SLA history,0.08718384420672674,0.15253647029007156,0.00695634425978325,0.0019072813151511563,0.02114605440059235,0.0009586737684431899,300,sqrt,1,311,60,30,6,4
Laem Chabang Port,month_sin,month_sin,Seasonal,0.0282081075461077,0.04420172936225943,0.0014440624174850629,0.0007219724605879809,0.007025845500737659,0.00039913420546525195,300,sqrt,1,311,60,30,9,9
Laem Chabang Port,month_cos,month_cos,Seasonal,0.13930213444556522,0.19371924077689348,0.022295671344627722,0.004022560427473889,0.04080406018456028,0.0018387863448465003,300,sqrt,1,311,60,30,3,1
Upper Gulf Offshore,SLA_hist,SLA (t),SLA history,0.08654507201601623,0.1314019209739304,0.013939912319249178,0.0032631575753172574,0.031430971705270976,0.0011708073226055931,100,0.5,1,311,60,30,4,3
Upper Gulf Offshore,SST,SST (t),ERA5 forcing,0.021179327205815855,0.011605587942443367,-0.0005125567071034793,0.001539212007202022,0.011141159904641536,0.0009157871960348869,100,0.5,1,311,60,30,9,11
Upper Gulf Offshore,SLP,SLP (t),ERA5 forcing,0.21156653602507944,0.25331367328743687,0.005947425692180755,0.0022395796031114547,0.027410451928533284,0.0008751331760420822,100,0.5,1,311,60,30,2,5
Upper Gulf Offshore,u10,u10 (t),ERA5 forcing,0.013926884004181623,0.011282140976592601,0.002238670415722175,0.0005265285361133273,0.006498417975333889,0.00030561663927661427,100,0.5,1,311,60,30,11,8
Upper Gulf Offshore,v10,v10 (t),ERA5 forcing,0.32430919055147023,0.2982024352641073,0.035503237226788484,0.005801262424536969,0.055739474851641414,0.0024469681717440394,100,0.5,1,311,60,30,1,1
Upper Gulf Offshore,SLA_lag1,SLA (t-1),SLA history,0.016960358248603397,0.013025393590874968,0.0015087738804998652,0.0006239185799082263,0.006982875049032263,0.00040828069000826126,100,0.5,1,311,60,30,10,10
Upper Gulf Offshore,SLA_lag3,SLA (t-3),SLA history,0.026896881740226437,0.036670555026678875,0.003064147939186033,0.0008371797617527817,0.008456717672122438,0.0005602544614913686,100,0.5,1,311,60,30,7,7
Upper Gulf Offshore,SLA_lag6,SLA (t-6),SLA history,0.02433194457099663,0.05419425645217684,0.0031213623695791654,0.0009699516342612101,0.008052959651877543,0.0006421024294278725,100,0.5,1,311,60,30,8,6
Upper Gulf Offshore,SLA_lag12,SLA (t-12),SLA history,0.08261529316816545,0.15099986744878746,0.00892186454347484,0.0023098588256450477,0.0211884378255748,0.0008657671448544712,100,0.5,1,311,60,30,5,4
Upper Gulf Offshore,month_sin,month_sin,Seasonal,0.02859098040607665,0.047016041922941954,0.001546662211643611,0.001011455485516155,0.007910324492992834,0.0005100094654016572,100,0.5,1,311,60,30,6,9
Upper Gulf Offshore,month_cos,month_cos,Seasonal,0.16307753206336817,0.21742188156240227,0.03175767696569393,0.005167272646837942,0.050698588572261304,0.0022982321408675176,100,0.5,1,311,60,30,3,2
Phetchaburi Bangkawe,SLA_hist,SLA (t),SLA history,0.10891117757641393,0.1343945380728356,0.012511800807319456,0.0028794073200053946,0.03198015916901208,0.0011374289737774259,200,0.5,1,311,60,30,4,3
Phetchaburi Bangkawe,SST,SST (t),ERA5 forcing,0.022696675130081865,0.02619807480704254,-0.000676620360377149,0.0013309059192231644,0.010254737962491656,0.000854254888624168,200,0.5,1,311,60,30,9,11
Phetchaburi Bangkawe,SLP,SLP (t),ERA5 forcing,0.18002516194363077,0.25153697770122346,0.005611693107783916,0.0017417467896970566,0.0181609004295066,0.0007024761628101673,200,0.5,1,311,60,30,2,5
Phetchaburi Bangkawe,u10,u10 (t),ERA5 forcing,0.014879134610859412,0.016801769079981824,0.0006934814023887321,0.00047353297802784765,0.004627027973808525,0.00020875625296753832,200,0.5,1,311,60,30,11,9
Phetchaburi Bangkawe,v10,v10 (t),ERA5 forcing,0.34715908889337727,0.2945657777857077,0.03309102026897013,0.005513172638762975,0.05584032602039687,0.0026320187361612976,200,0.5,1,311,60,30,1,1
Phetchaburi Bangkawe,SLA_lag1,SLA (t-1),SLA history,0.017900544747614305,0.016157938828970778,0.0005018498577173886,0.0004679902227293478,0.005846981458624534,0.0003549222554952813,200,0.5,1,311,60,30,10,10
Phetchaburi Bangkawe,SLA_lag3,SLA (t-3),SLA history,0.024781228134960746,0.029381184967878823,0.0019825450055485703,0.0006499071093899481,0.0073314561342277765,0.00039317504709610604,200,0.5,1,311,60,30,8,7
Phetchaburi Bangkawe,SLA_lag6,SLA (t-6),SLA history,0.030057056870952715,0.048794058944183996,0.0022111925305479583,0.0008545400664572438,0.008948170290664453,0.0006381208840417802,200,0.5,1,311,60,30,6,6
Phetchaburi Bangkawe,SLA_lag12,SLA (t-12),SLA history,0.07672630463988091,0.1269838646395022,0.007923580715379245,0.0019212635054210911,0.020716950007238787,0.0010201510001619915,200,0.5,1,311,60,30,5,4
Phetchaburi Bangkawe,month_sin,month_sin,Seasonal,0.028392448269613083,0.048527380700481716,0.0016398108996747093,0.0007145140087021988,0.005962964654181521,0.0003805831089977274,200,0.5,1,311,60,30,7,8
Phetchaburi Bangkawe,month_cos,month_cos,Seasonal,0.14847117918261502,0.21384996509265972,0.020893484582058218,0.0037541523605443623,0.03589842192828719,0.0017358814371703,200,0.5,1,311,60,30,3,2
