station,date,model,split,actual_m,predicted_m,residual_m
Wat Khun Samut Chin,2020-01-01,SARIMA,test,0.2348666666666666,0.2676979158456692,-0.0328312491790025
Wat Khun Samut Chin,2020-01-01,RF,test,0.2348666666666666,0.2338324356481481,0.0010342310185185
Wat Khun Samut Chin,2020-01-01,LSTM,test,0.2348666666666666,0.2327420264482498,0.0021246402184168
Wat Khun Samut Chin,2020-02-01,SARIMA,test,0.2669999999999999,0.196611391162325,0.0703886088376749
Wat Khun Samut Chin,2020-02-01,RF,test,0.2669999999999999,0.1631111317460317,0.1038888682539682
Wat Khun Samut Chin,2020-02-01,LSTM,test,0.2669999999999999,0.1743701100349426,0.0926298899650573
Wat Khun Samut Chin,2020-03-01,SARIMA,test,0.148,0.1829240196385445,-0.0349240196385445
Wat Khun Samut Chin,2020-03-01,RF,test,0.148,0.1176432858465607,0.0303567141534392
Wat Khun Samut Chin,2020-03-01,LSTM,test,0.148,0.1295942068099975,0.0184057931900024
Wat Khun Samut Chin,2020-04-01,SARIMA,test,0.1505333333333333,0.0746361124606938,0.0758972208726394
Wat Khun Samut Chin,2020-04-01,RF,test,0.1505333333333333,0.0419823577380952,0.1085509755952381
Wat Khun Samut Chin,2020-04-01,LSTM,test,0.1505333333333333,0.0388918779790401,0.1116414553542931
Wat Khun Samut Chin,2020-05-01,SARIMA,test,0.0514666666666666,0.029347003589359,0.0221196630773076
Wat Khun Samut Chin,2020-05-01,RF,test,0.0514666666666666,-0.0231525930555555,0.0746192597222222
Wat Khun Samut Chin,2020-05-01,LSTM,test,0.0514666666666666,-0.0130754578858613,0.064542124552528
Wat Khun Samut Chin,2020-06-01,SARIMA,test,-0.1256666666666666,-0.0640259704890554,-0.0616406961776112
Wat Khun Samut Chin,2020-06-01,RF,test,-0.1256666666666666,-0.0693205811688311,-0.0563460854978355
Wat Khun Samut Chin,2020-06-01,LSTM,test,-0.1256666666666666,-0.0681914836168289,-0.0574751830498377
Wat Khun Samut Chin,2020-07-01,SARIMA,test,-0.1644,-0.0898172997888432,-0.0745827002111567
Wat Khun Samut Chin,2020-07-01,RF,test,-0.1644,-0.12053986497114,-0.0438601350288599
Wat Khun Samut Chin,2020-07-01,LSTM,test,-0.1644,-0.0998748019337654,-0.0645251980662345
Wat Khun Samut Chin,2020-08-01,SARIMA,test,-0.0373666666666666,-0.1021471926258124,0.0647805259591457
Wat Khun Samut Chin,2020-08-01,RF,test,-0.0373666666666666,-0.1006922566798941,0.0633255900132274
Wat Khun Samut Chin,2020-08-01,LSTM,test,-0.0373666666666666,-0.0835367366671562,0.0461700700004895
Wat Khun Samut Chin,2020-09-01,SARIMA,test,-0.0061,-0.0246849620701995,0.0185849620701995
Wat Khun Samut Chin,2020-09-01,RF,test,-0.0061,-0.0989486458333333,0.0928486458333333
Wat Khun Samut Chin,2020-09-01,LSTM,test,-0.0061,-0.0339960232377052,0.0278960232377052
Wat Khun Samut Chin,2020-10-01,SARIMA,test,0.0796666666666666,0.0995559550830696,-0.0198892884164029
Wat Khun Samut Chin,2020-10-01,RF,test,0.0796666666666666,-0.0216022626984126,0.1012689293650793
Wat Khun Samut Chin,2020-10-01,LSTM,test,0.0796666666666666,0.0412766709923744,0.0383899956742922
Wat Khun Samut Chin,2020-11-01,SARIMA,test,0.2443666666666667,0.218656705337493,0.0257099613291736
Wat Khun Samut Chin,2020-11-01,RF,test,0.2443666666666667,0.1620967693121693,0.0822698973544973
Wat Khun Samut Chin,2020-11-01,LSTM,test,0.2443666666666667,0.1279786229133606,0.1163880437533061
Wat Khun Samut Chin,2020-12-01,SARIMA,test,0.2993333333333334,0.2952017966176722,0.0041315367156611
Wat Khun Samut Chin,2020-12-01,RF,test,0.2993333333333334,0.2580143700396826,0.0413189632936508
Wat Khun Samut Chin,2020-12-01,LSTM,test,0.2993333333333334,0.2105235755443573,0.0888097577889761
Wat Khun Samut Chin,2021-01-01,SARIMA,test,0.3216,0.2670132706902952,0.0545867293097047
Wat Khun Samut Chin,2021-01-01,RF,test,0.3216,0.2492180718915344,0.0723819281084655
Wat Khun Samut Chin,2021-01-01,LSTM,test,0.3216,0.2253881841897964,0.0962118158102035
Wat Khun Samut Chin,2021-02-01,SARIMA,test,0.1644333333333333,0.2352158970648434,-0.0707825637315101
Wat Khun Samut Chin,2021-02-01,RF,test,0.1644333333333333,0.2116507933862434,-0.0472174600529101
Wat Khun Samut Chin,2021-02-01,LSTM,test,0.1644333333333333,0.1991117298603058,-0.0346783965269724
Wat Khun Samut Chin,2021-03-01,SARIMA,test,0.0461,0.1438082672969233,-0.0977082672969233
Wat Khun Samut Chin,2021-03-01,RF,test,0.0461,0.1072218999999999,-0.0611218999999999
Wat Khun Samut Chin,2021-03-01,LSTM,test,0.0461,0.1211685165762901,-0.0750685165762901
Wat Khun Samut Chin,2021-04-01,SARIMA,test,0.0015,0.0599282072202566,-0.0584282072202566
Wat Khun Samut Chin,2021-04-01,RF,test,0.0015,0.013207213011063,-0.011707213011063
Wat Khun Samut Chin,2021-04-01,LSTM,test,0.0015,0.0292203854769468,-0.0277203854769468
Wat Khun Samut Chin,2021-05-01,SARIMA,test,-0.0263333333333333,-0.012812565898623,-0.0135207674347102
Wat Khun Samut Chin,2021-05-01,RF,test,-0.0263333333333333,-0.0499078878306878,0.0235745544973544
Wat Khun Samut Chin,2021-05-01,LSTM,test,-0.0263333333333333,-0.0330323912203311,0.0066990578869978
Wat Khun Samut Chin,2021-06-01,SARIMA,test,-0.0851666666666666,-0.0808339710356211,-0.0043326956310455
Wat Khun Samut Chin,2021-06-01,RF,test,-0.0851666666666666,-0.1255314285714285,0.0403647619047618
Wat Khun Samut Chin,2021-06-01,LSTM,test,-0.0851666666666666,-0.0829765871167182,-0.0021900795499483
Wat Khun Samut Chin,2021-07-01,SARIMA,test,-0.0615666666666666,-0.0775256928546249,0.0159590261879582
Wat Khun Samut Chin,2021-07-01,RF,test,-0.0615666666666666,-0.1380870325396825,0.0765203658730158
Wat Khun Samut Chin,2021-07-01,LSTM,test,-0.0615666666666666,-0.1074424907565116,0.045875824089845
Wat Khun Samut Chin,2021-08-01,SARIMA,test,-0.056,-0.0716271085299684,0.0156271085299684
Wat Khun Samut Chin,2021-08-01,RF,test,-0.056,-0.1285167676587301,0.0725167676587301
Wat Khun Samut Chin,2021-08-01,LSTM,test,-0.056,-0.0838707014918327,0.0278707014918327
Wat Khun Samut Chin,2021-09-01,SARIMA,test,-0.1066666666666666,-0.0387738345157677,-0.0678928321508989
Wat Khun Samut Chin,2021-09-01,RF,test,-0.1066666666666666,-0.091451033531746,-0.0152156331349205
Wat Khun Samut Chin,2021-09-01,LSTM,test,-0.1066666666666666,-0.022391028702259,-0.0842756379644076
Wat Khun Samut Chin,2021-10-01,SARIMA,test,-0.0033333333333333,0.0690313652895829,-0.0723646986229163
Wat Khun Samut Chin,2021-10-01,RF,test,-0.0033333333333333,0.0324978123015873,-0.0358311456349206
Wat Khun Samut Chin,2021-10-01,LSTM,test,-0.0033333333333333,0.044105689972639,-0.0474390233059724
Wat Khun Samut Chin,2021-11-01,SARIMA,test,0.222,0.1978188650468125,0.0241811349531874
Wat Khun Samut Chin,2021-11-01,RF,test,0.222,0.1681712692460317,0.0538287307539682
Wat Khun Samut Chin,2021-11-01,LSTM,test,0.222,0.1196905449032783,0.1023094550967216
Wat Khun Samut Chin,2021-12-01,SARIMA,test,0.255,0.2896712587362748,-0.0346712587362747
Wat Khun Samut Chin,2021-12-01,RF,test,0.255,0.2679952196608946,-0.0129952196608945
Wat Khun Samut Chin,2021-12-01,LSTM,test,0.255,0.1930645704269409,0.0619354295730591
Wat Khun Samut Chin,2022-01-01,SARIMA,test,0.2251333333333333,0.2502332019295994,-0.025099868596266
Wat Khun Samut Chin,2022-01-01,RF,test,0.2251333333333333,0.2254953484126982,-0.0003620150793648
Wat Khun Samut Chin,2022-01-01,LSTM,test,0.2251333333333333,0.2279293984174728,-0.0027960650841395
Wat Khun Samut Chin,2022-02-01,SARIMA,test,0.2518,0.1991809565337676,0.0526190434662324
Wat Khun Samut Chin,2022-02-01,RF,test,0.2518,0.2087031834656085,0.0430968165343915
Wat Khun Samut Chin,2022-02-01,LSTM,test,0.2518,0.1766087114810943,0.0751912885189056
Wat Khun Samut Chin,2022-03-01,SARIMA,test,0.1082666666666666,0.1720343694254554,-0.0637677027587887
Wat Khun Samut Chin,2022-03-01,RF,test,0.1082666666666666,0.1462142996031746,-0.0379476329365079
Wat Khun Samut Chin,2022-03-01,LSTM,test,0.1082666666666666,0.1195475757122039,-0.0112809090455373
Wat Khun Samut Chin,2022-04-01,SARIMA,test,0.1002666666666666,0.0630003092233172,0.0372663574433494
Wat Khun Samut Chin,2022-04-01,RF,test,0.1002666666666666,0.0098260777116402,0.0904405889550264
Wat Khun Samut Chin,2022-04-01,LSTM,test,0.1002666666666666,0.0333880074322223,0.0668786592344443
Wat Khun Samut Chin,2022-05-01,SARIMA,test,0.0168,0.0145691761728649,0.002230823827135
Wat Khun Samut Chin,2022-05-01,RF,test,0.0168,0.0212188537698412,-0.0044188537698412
Wat Khun Samut Chin,2022-05-01,LSTM,test,0.0168,-0.0140435481444001,0.0308435481444001
Wat Khun Samut Chin,2022-06-01,SARIMA,test,-0.0035333333333333,-0.0765752119962582,0.0730418786629249
Wat Khun Samut Chin,2022-06-01,RF,test,-0.0035333333333333,-0.0101192792328042,0.0065859458994708
Wat Khun Samut Chin,2022-06-01,LSTM,test,-0.0035333333333333,-0.0693365633487701,0.0658032300154368
Wat Khun Samut Chin,2022-07-01,SARIMA,test,-0.0041333333333333,-0.0507826011449549,0.0466492678116216
Wat Khun Samut Chin,2022-07-01,RF,test,-0.0041333333333333,-0.0675841401455026,0.0634508068121693
Wat Khun Samut Chin,2022-07-01,LSTM,test,-0.0041333333333333,-0.0878232568502426,0.0836899235169092
Wat Khun Samut Chin,2022-08-01,SARIMA,test,-0.0319666666666666,-0.0578378365724004,0.0258711699057337
Wat Khun Samut Chin,2022-08-01,RF,test,-0.0319666666666666,-0.0637183769179894,0.0317517102513227
Wat Khun Samut Chin,2022-08-01,LSTM,test,-0.0319666666666666,-0.0766762197017669,0.0447095530351003
Wat Khun Samut Chin,2022-09-01,SARIMA,test,-0.0491,-0.0337383822053063,-0.0153616177946936
Wat Khun Samut Chin,2022-09-01,RF,test,-0.0491,-0.0752680088624338,0.0261680088624338
Wat Khun Samut Chin,2022-09-01,LSTM,test,-0.0491,-0.0287549365311861,-0.0203450634688139
Wat Khun Samut Chin,2022-10-01,SARIMA,test,0.1096333333333333,0.087805984997867,0.0218273483354662
Wat Khun Samut Chin,2022-10-01,RF,test,0.1096333333333333,0.0214777407407407,0.0881555925925926
Wat Khun Samut Chin,2022-10-01,LSTM,test,0.1096333333333333,0.0377166606485843,0.0719166726847489
Wat Khun Samut Chin,2022-11-01,SARIMA,test,0.2543333333333333,0.2359647955174426,0.0183685378158907
Wat Khun Samut Chin,2022-11-01,RF,test,0.2543333333333333,0.1917953001984126,0.0625380331349207
Wat Khun Samut Chin,2022-11-01,LSTM,test,0.2543333333333333,0.1457071751356125,0.1086261581977208
Wat Khun Samut Chin,2022-12-01,SARIMA,test,0.3764666666666666,0.2959991305877128,0.0804675360789538
Wat Khun Samut Chin,2022-12-01,RF,test,0.3764666666666666,0.2666375035714285,0.1098291630952381
Wat Khun Samut Chin,2022-12-01,LSTM,test,0.3764666666666666,0.191647931933403,0.1848187347332636
Wat Khun Samut Chin,2023-01-01,SARIMA,test,0.2947,0.2974351975984869,-0.0027351975984868
Wat Khun Samut Chin,2023-01-01,RF,test,0.2947,0.2487965337301587,0.0459034662698412
Wat Khun Samut Chin,2023-01-01,LSTM,test,0.2947,0.2201945781707763,0.0745054218292236
Wat Khun Samut Chin,2023-02-01,SARIMA,test,0.2848,0.2215629561588541,0.0632370438411458
Wat Khun Samut Chin,2023-02-01,RF,test,0.2848,0.2218821473544974,0.0629178526455025
Wat Khun Samut Chin,2023-02-01,LSTM,test,0.2848,0.1948265731334686,0.0899734268665313
Wat Khun Samut Chin,2023-03-01,SARIMA,test,0.2219666666666666,0.1881588061501564,0.0338078605165101
Wat Khun Samut Chin,2023-03-01,RF,test,0.2219666666666666,0.1815558761904763,0.0404107904761903
Wat Khun Samut Chin,2023-03-01,LSTM,test,0.2219666666666666,0.13340924680233,0.0885574198643366
Wat Khun Samut Chin,2023-04-01,SARIMA,test,0.1243333333333333,0.1114218699322746,0.0129114634010586
Wat Khun Samut Chin,2023-04-01,RF,test,0.1243333333333333,0.0686220152116402,0.0557113181216931
Wat Khun Samut Chin,2023-04-01,LSTM,test,0.1243333333333333,0.0589083805680274,0.0654249527653058
Wat Khun Samut Chin,2023-05-01,SARIMA,test,0.0930333333333333,0.0246787983471309,0.0683545349862023
Wat Khun Samut Chin,2023-05-01,RF,test,0.0930333333333333,-0.045489229563492,0.1385225628968254
Wat Khun Samut Chin,2023-05-01,LSTM,test,0.0930333333333333,-0.0275952853262424,0.1206286186595757
Wat Khun Samut Chin,2023-06-01,SARIMA,test,-0.0506333333333333,-0.0343507136725467,-0.0162826196607865
Wat Khun Samut Chin,2023-06-01,RF,test,-0.0506333333333333,-0.0687598861772486,0.0181265528439153
Wat Khun Samut Chin,2023-06-01,LSTM,test,-0.0506333333333333,-0.0763624459505081,0.0257291126171747
Wat Khun Samut Chin,2023-07-01,SARIMA,test,-0.1132,-0.0594878463912507,-0.0537121536087492
Wat Khun Samut Chin,2023-07-01,RF,test,-0.1132,-0.0994833062169312,-0.0137166937830687
Wat Khun Samut Chin,2023-07-01,LSTM,test,-0.1132,-0.1038632541894912,-0.0093367458105087
Wat Khun Samut Chin,2023-08-01,SARIMA,test,-0.1611666666666666,-0.074488989900737,-0.0866776767659296
Wat Khun Samut Chin,2023-08-01,RF,test,-0.1611666666666666,-0.0884671596139971,-0.0726995070526695
Wat Khun Samut Chin,2023-08-01,LSTM,test,-0.1611666666666666,-0.0883725732564926,-0.072794093410174
Wat Khun Samut Chin,2023-09-01,SARIMA,test,-0.0282666666666666,-0.0597727750045911,0.0315061083379244
Wat Khun Samut Chin,2023-09-01,RF,test,-0.0282666666666666,-0.0983811138888888,0.0701144472222222
Wat Khun Samut Chin,2023-09-01,LSTM,test,-0.0282666666666666,-0.044002640992403,0.0157359743257363
Wat Khun Samut Chin,2023-10-01,SARIMA,test,0.1129666666666666,0.1130873787902783,-0.0001207121236117
Wat Khun Samut Chin,2023-10-01,RF,test,0.1129666666666666,-0.0224544617063492,0.1354211283730158
Wat Khun Samut Chin,2023-10-01,LSTM,test,0.1129666666666666,0.0374064072966575,0.0755602593700091
Wat Khun Samut Chin,2023-11-01,SARIMA,test,0.2786333333333333,0.2396633873269671,0.0389699460063662
Wat Khun Samut Chin,2023-11-01,RF,test,0.2786333333333333,0.1851344636904762,0.093498869642857
Wat Khun Samut Chin,2023-11-01,LSTM,test,0.2786333333333333,0.1453718990087509,0.1332614343245824
Wat Khun Samut Chin,2023-12-01,SARIMA,test,0.3187666666666667,0.3155268470700985,0.0032398195965682
Wat Khun Samut Chin,2023-12-01,RF,test,0.3187666666666667,0.2779982694624821,0.0407683972041846
Wat Khun Samut Chin,2023-12-01,LSTM,test,0.3187666666666667,0.2227962166070938,0.0959704500595728
Wat Khun Samut Chin,2024-01-01,SARIMA,test,0.3223333333333333,0.2821599561759143,0.040173377157419
Wat Khun Samut Chin,2024-01-01,RF,test,0.3223333333333333,0.2771574085317461,0.0451759248015872
Wat Khun Samut Chin,2024-01-01,LSTM,test,0.3223333333333333,0.2355837076902389,0.0867496256430944
Wat Khun Samut Chin,2024-02-01,SARIMA,test,0.2817,0.2459648862958734,0.0357351137041265
Wat Khun Samut Chin,2024-02-01,RF,test,0.2817,0.2636451559523808,0.0180548440476192
Wat Khun Samut Chin,2024-02-01,LSTM,test,0.2817,0.2007471024990081,0.0809528975009918
Wat Khun Samut Chin,2024-03-01,SARIMA,test,0.1419,0.1897536319142796,-0.0478536319142796
Wat Khun Samut Chin,2024-03-01,RF,test,0.1419,0.149885241600529,-0.007985241600529
Wat Khun Samut Chin,2024-03-01,LSTM,test,0.1419,0.1319483965635299,0.00995160343647
Wat Khun Samut Chin,2024-04-01,SARIMA,test,0.0445666666666666,0.0925144327780229,-0.0479477661113562
Wat Khun Samut Chin,2024-04-01,RF,test,0.0445666666666666,0.0481865388888888,-0.0036198722222222
Wat Khun Samut Chin,2024-04-01,LSTM,test,0.0445666666666666,0.0456273891031742,-0.0010607224365075
Wat Khun Samut Chin,2024-05-01,SARIMA,test,0.0575,0.0115104719804872,0.0459895280195127
Wat Khun Samut Chin,2024-05-01,RF,test,0.0575,-0.0669468777777777,0.1244468777777778
Wat Khun Samut Chin,2024-05-01,LSTM,test,0.0575,-0.0447114147245883,0.1022114147245883
Wat Khun Samut Chin,2024-06-01,SARIMA,test,-0.0852333333333333,-0.03865392896428,-0.0465794043690533
Wat Khun Samut Chin,2024-06-01,RF,test,-0.0852333333333333,-0.0703858242063492,-0.014847509126984
Wat Khun Samut Chin,2024-06-01,LSTM,test,-0.0852333333333333,-0.0772021412849426,-0.0080311920483907
Wat Khun Samut Chin,2024-07-01,SARIMA,test,0.0073666666666666,-0.0693854990289536,0.0767521656956203
Wat Khun Samut Chin,2024-07-01,RF,test,0.0073666666666666,-0.1204935798280423,0.127860246494709
Wat Khun Samut Chin,2024-07-01,LSTM,test,0.0073666666666666,-0.1015034914016723,0.108870158068339
Wat Khun Samut Chin,2024-08-01,SARIMA,test,0.0219666666666666,-0.0319135936920844,0.053880260358751
Wat Khun Samut Chin,2024-08-01,RF,test,0.0219666666666666,-0.0796321904761904,0.1015988571428571
Wat Khun Samut Chin,2024-08-01,LSTM,test,0.0219666666666666,-0.0673821792006492,0.0893488458673159
Wat Khun Samut Chin,2024-09-01,SARIMA,test,-0.0731,-0.0056192009173332,-0.0674807990826668
Wat Khun Samut Chin,2024-09-01,RF,test,-0.0731,-0.0326295952380952,-0.0404704047619047
Wat Khun Samut Chin,2024-09-01,LSTM,test,-0.0731,-0.0016634692437946,-0.0714365307562053
Wat Khun Samut Chin,2024-10-01,SARIMA,test,0.0621333333333333,0.0904767183571771,-0.0283433850238438
Wat Khun Samut Chin,2024-10-01,RF,test,0.0621333333333333,0.0422893871693121,0.0198439461640211
Wat Khun Samut Chin,2024-10-01,LSTM,test,0.0621333333333333,0.0424795933067798,0.0196537400265534
Wat Khun Samut Chin,2024-11-01,SARIMA,test,0.2899666666666667,0.2386482925598604,0.0513183741068062
Wat Khun Samut Chin,2024-11-01,RF,test,0.2899666666666667,0.1696702833573833,0.1202963833092833
Wat Khun Samut Chin,2024-11-01,LSTM,test,0.2899666666666667,0.1343141049146652,0.1556525617520014
Wat Khun Samut Chin,2024-12-01,SARIMA,test,0.2732666666666667,0.3266589809565237,-0.0533923142898569
Wat Khun Samut Chin,2024-12-01,RF,test,0.2732666666666667,0.2803001724386725,-0.0070335057720057
Wat Khun Samut Chin,2024-12-01,LSTM,test,0.2732666666666667,0.2092419117689132,0.0640247548977534
Laem Chabang Port,2020-01-01,SARIMA,test,0.2351,0.2612121712652914,-0.0261121712652913
Laem Chabang Port,2020-01-01,RF,test,0.2351,0.2248087499999999,0.01029125
Laem Chabang Port,2020-01-01,LSTM,test,0.2351,0.2320822030305862,0.0030177969694137
Laem Chabang Port,2020-02-01,SARIMA,test,0.2811,0.1903395500124091,0.0907604499875908
Laem Chabang Port,2020-02-01,RF,test,0.2811,0.1426711666666665,0.1384288333333334
Laem Chabang Port,2020-02-01,LSTM,test,0.2811,0.1697256714105606,0.1113743285894394
Laem Chabang Port,2020-03-01,SARIMA,test,0.1314,0.1811218866348065,-0.0497218866348065
Laem Chabang Port,2020-03-01,RF,test,0.1314,0.1218349999999998,0.0095650000000001
Laem Chabang Port,2020-03-01,LSTM,test,0.1314,0.1205785572528839,0.010821442747116
Laem Chabang Port,2020-04-01,SARIMA,test,0.15805,0.0604441871051095,0.0976058128948904
Laem Chabang Port,2020-04-01,RF,test,0.15805,0.0472445,0.1108054999999999
Laem Chabang Port,2020-04-01,LSTM,test,0.15805,0.0250647161155939,0.132985283884406
Laem Chabang Port,2020-05-01,SARIMA,test,0.025875,0.0243072247296745,0.0015677752703254
Laem Chabang Port,2020-05-01,RF,test,0.025875,-0.0270845833333333,0.0529595833333333
Laem Chabang Port,2020-05-01,LSTM,test,0.025875,-0.0270379707217216,0.0529129707217216
Laem Chabang Port,2020-06-01,SARIMA,test,-0.110425,-0.084224158239437,-0.0262008417605629
Laem Chabang Port,2020-06-01,RF,test,-0.110425,-0.0781201666666666,-0.0323048333333333
Laem Chabang Port,2020-06-01,LSTM,test,-0.110425,-0.0841220244765281,-0.0263029755234718
Laem Chabang Port,2020-07-01,SARIMA,test,-0.1525,-0.0896500755932413,-0.0628499244067586
Laem Chabang Port,2020-07-01,RF,test,-0.1525,-0.12491775,-0.0275822499999999
Laem Chabang Port,2020-07-01,LSTM,test,-0.1525,-0.1091174185276031,-0.0433825814723968
Laem Chabang Port,2020-08-01,SARIMA,test,-0.048525,-0.1041775986268177,0.0556525986268177
Laem Chabang Port,2020-08-01,RF,test,-0.048525,-0.1224888333333334,0.0739638333333334
Laem Chabang Port,2020-08-01,LSTM,test,-0.048525,-0.0852007642388343,0.0366757642388343
Laem Chabang Port,2020-09-01,SARIMA,test,0.004175,-0.0272016419725438,0.0313766419725438
Laem Chabang Port,2020-09-01,RF,test,0.004175,-0.0949829999999998,0.0991579999999998
Laem Chabang Port,2020-09-01,LSTM,test,0.004175,-0.0295411273837089,0.0337161273837089
Laem Chabang Port,2020-10-01,SARIMA,test,0.0963,0.1108548769360629,-0.0145548769360629
Laem Chabang Port,2020-10-01,RF,test,0.0963,-0.002435,0.098735
Laem Chabang Port,2020-10-01,LSTM,test,0.0963,0.0497344359755516,0.0465655640244483
Laem Chabang Port,2020-11-01,SARIMA,test,0.254675,0.2258765964995428,0.0287984035004571
Laem Chabang Port,2020-11-01,RF,test,0.254675,0.1668025833333332,0.0878724166666667
Laem Chabang Port,2020-11-01,LSTM,test,0.254675,0.1385739594697952,0.1161010405302047
Laem Chabang Port,2020-12-01,SARIMA,test,0.288575,0.2954840297354773,-0.0069090297354773
Laem Chabang Port,2020-12-01,RF,test,0.288575,0.2552343333333332,0.0333406666666667
Laem Chabang Port,2020-12-01,LSTM,test,0.288575,0.2172682285308838,0.0713067714691162
Laem Chabang Port,2021-01-01,SARIMA,test,0.317025,0.2642929022699555,0.0527320977300445
Laem Chabang Port,2021-01-01,RF,test,0.317025,0.2372846666666664,0.0797403333333336
Laem Chabang Port,2021-01-01,LSTM,test,0.317025,0.2252754867076873,0.0917495132923126
Laem Chabang Port,2021-02-01,SARIMA,test,0.165025,0.2291936827085758,-0.0641686827085758
Laem Chabang Port,2021-02-01,RF,test,0.165025,0.2094683333333332,-0.0444433333333332
Laem Chabang Port,2021-02-01,LSTM,test,0.165025,0.1937891244888305,-0.0287641244888305
Laem Chabang Port,2021-03-01,SARIMA,test,0.0514,0.1389974673318806,-0.0875974673318806
Laem Chabang Port,2021-03-01,RF,test,0.0514,0.1039770833333333,-0.0525770833333333
Laem Chabang Port,2021-03-01,LSTM,test,0.0514,0.1089676842093467,-0.0575676842093467
Laem Chabang Port,2021-04-01,SARIMA,test,0.01035,0.0553717258127756,-0.0450217258127756
Laem Chabang Port,2021-04-01,RF,test,0.01035,0.0158429166666666,-0.0054929166666666
Laem Chabang Port,2021-04-01,LSTM,test,0.01035,0.0126998098567128,-0.0023498098567128
Laem Chabang Port,2021-05-01,SARIMA,test,-0.027725,-0.0204567231320985,-0.0072682768679014
Laem Chabang Port,2021-05-01,RF,test,-0.027725,-0.0494155,0.0216905
Laem Chabang Port,2021-05-01,LSTM,test,-0.027725,-0.052466232329607,0.024741232329607
Laem Chabang Port,2021-06-01,SARIMA,test,-0.0834,-0.0912158483626292,0.0078158483626292
Laem Chabang Port,2021-06-01,RF,test,-0.0834,-0.1218785833333331,0.0384785833333331
Laem Chabang Port,2021-06-01,LSTM,test,-0.0834,-0.1014689207077026,0.0180689207077026
Laem Chabang Port,2021-07-01,SARIMA,test,-0.0824,-0.0838591467738442,0.0014591467738442
Laem Chabang Port,2021-07-01,RF,test,-0.0824,-0.1303070833333333,0.0479070833333333
Laem Chabang Port,2021-07-01,LSTM,test,-0.0824,-0.118291899561882,0.035891899561882
Laem Chabang Port,2021-08-01,SARIMA,test,-0.063575,-0.0826128238431592,0.0190378238431592
Laem Chabang Port,2021-08-01,RF,test,-0.063575,-0.1299929166666666,0.0664179166666666
Laem Chabang Port,2021-08-01,LSTM,test,-0.063575,-0.090636245906353,0.0270612459063529
Laem Chabang Port,2021-09-01,SARIMA,test,-0.094275,-0.0371333893584753,-0.0571416106415246
Laem Chabang Port,2021-09-01,RF,test,-0.094275,-0.0787699166666665,-0.0155050833333334
Laem Chabang Port,2021-09-01,LSTM,test,-0.094275,-0.021579023450613,-0.0726959765493869
Laem Chabang Port,2021-10-01,SARIMA,test,-0.000625,0.0794534231201213,-0.0800784231201213
Laem Chabang Port,2021-10-01,RF,test,-0.000625,0.0406115,-0.0412365
Laem Chabang Port,2021-10-01,LSTM,test,-0.000625,0.0510074831545352,-0.0516324831545352
Laem Chabang Port,2021-11-01,SARIMA,test,0.2309,0.199448102512519,0.0314518974874809
Laem Chabang Port,2021-11-01,RF,test,0.2309,0.1719669999999998,0.0589330000000001
Laem Chabang Port,2021-11-01,LSTM,test,0.2309,0.1280635893344879,0.102836410665512
Laem Chabang Port,2021-12-01,SARIMA,test,0.26745,0.2889096228220619,-0.0214596228220619
Laem Chabang Port,2021-12-01,RF,test,0.26745,0.255719,0.011731
Laem Chabang Port,2021-12-01,LSTM,test,0.26745,0.201061263680458,0.0663887363195419
Laem Chabang Port,2022-01-01,SARIMA,test,0.2449,0.2536363030876996,-0.0087363030876996
Laem Chabang Port,2022-01-01,RF,test,0.2449,0.2135235833333334,0.0313764166666665
Laem Chabang Port,2022-01-01,LSTM,test,0.2449,0.2308340966701507,0.0140659033298492
Laem Chabang Port,2022-02-01,SARIMA,test,0.260875,0.1982268246935588,0.0626481753064412
Laem Chabang Port,2022-02-01,RF,test,0.260875,0.1879480833333333,0.0729269166666666
Laem Chabang Port,2022-02-01,LSTM,test,0.260875,0.1732795685529709,0.0875954314470291
Laem Chabang Port,2022-03-01,SARIMA,test,0.112075,0.1681975345463081,-0.0561225345463081
Laem Chabang Port,2022-03-01,RF,test,0.112075,0.1281847499999998,-0.0161097499999998
Laem Chabang Port,2022-03-01,LSTM,test,0.112075,0.1097621396183967,0.0023128603816032
Laem Chabang Port,2022-04-01,SARIMA,test,0.0917999999999999,0.0585024880960901,0.0332975119039098
Laem Chabang Port,2022-04-01,RF,test,0.0917999999999999,0.0228921666666666,0.0689078333333333
Laem Chabang Port,2022-04-01,LSTM,test,0.0917999999999999,0.0177562441676855,0.0740437558323144
Laem Chabang Port,2022-05-01,SARIMA,test,-0.004525,0.0020068537361371,-0.0065318537361371
Laem Chabang Port,2022-05-01,RF,test,-0.004525,0.0214278333333333,-0.0259528333333333
Laem Chabang Port,2022-05-01,LSTM,test,-0.004525,-0.0342153571546077,0.0296903571546077
Laem Chabang Port,2022-06-01,SARIMA,test,-0.029575,-0.0911253032697438,0.0615503032697438
Laem Chabang Port,2022-06-01,RF,test,-0.029575,-0.0482003333333332,0.0186253333333332
Laem Chabang Port,2022-06-01,LSTM,test,-0.029575,-0.0888000801205635,0.0592250801205635
Laem Chabang Port,2022-07-01,SARIMA,test,-0.028775,-0.0654484022634105,0.0366734022634105
Laem Chabang Port,2022-07-01,RF,test,-0.028775,-0.1056148333333333,0.0768398333333333
Laem Chabang Port,2022-07-01,LSTM,test,-0.028775,-0.1017895266413688,0.0730145266413688
Laem Chabang Port,2022-08-01,SARIMA,test,-0.0567499999999999,-0.0676249010135748,0.0108749010135748
Laem Chabang Port,2022-08-01,RF,test,-0.0567499999999999,-0.0967539166666666,0.0400039166666666
Laem Chabang Port,2022-08-01,LSTM,test,-0.0567499999999999,-0.0829770490527153,0.0262270490527153
Laem Chabang Port,2022-09-01,SARIMA,test,-0.0519,-0.0379711129203832,-0.0139288870796167
Laem Chabang Port,2022-09-01,RF,test,-0.0519,-0.0780011666666665,0.0261011666666665
Laem Chabang Port,2022-09-01,LSTM,test,-0.0519,-0.028032299131155,-0.0238677008688449
Laem Chabang Port,2022-10-01,SARIMA,test,0.11645,0.0943417775923872,0.0221082224076128
Laem Chabang Port,2022-10-01,RF,test,0.11645,0.03676025,0.0796897499999999
Laem Chabang Port,2022-10-01,LSTM,test,0.11645,0.0451474674046039,0.071302532595396
Laem Chabang Port,2022-11-01,SARIMA,test,0.25565,0.2401709962667639,0.0154790037332361
Laem Chabang Port,2022-11-01,RF,test,0.25565,0.1782963333333334,0.0773536666666665
Laem Chabang Port,2022-11-01,LSTM,test,0.25565,0.1558208614587783,0.0998291385412216
Laem Chabang Port,2022-12-01,SARIMA,test,0.374375,0.2927673149290033,0.0816076850709967
Laem Chabang Port,2022-12-01,RF,test,0.374375,0.2629095833333335,0.1114654166666665
Laem Chabang Port,2022-12-01,LSTM,test,0.374375,0.1995194554328918,0.1748555445671081
Laem Chabang Port,2023-01-01,SARIMA,test,0.286675,0.2977769435466499,-0.0111019435466499
Laem Chabang Port,2023-01-01,RF,test,0.286675,0.2436738333333332,0.0430011666666667
Laem Chabang Port,2023-01-01,LSTM,test,0.286675,0.2228813916444778,0.0637936083555221
Laem Chabang Port,2023-02-01,SARIMA,test,0.2906,0.2131641583611969,0.077435841638803
Laem Chabang Port,2023-02-01,RF,test,0.2906,0.2084970833333333,0.0821029166666666
Laem Chabang Port,2023-02-01,LSTM,test,0.2906,0.1913308352231979,0.099269164776802
Laem Chabang Port,2023-03-01,SARIMA,test,0.220775,0.1857479764603416,0.0350270235396583
Laem Chabang Port,2023-03-01,RF,test,0.220775,0.1675684166666667,0.0532065833333332
Laem Chabang Port,2023-03-01,LSTM,test,0.220775,0.1233841180801391,0.0973908819198608
Laem Chabang Port,2023-04-01,SARIMA,test,0.09775,0.1048445605357496,-0.0070945605357496
Laem Chabang Port,2023-04-01,RF,test,0.09775,0.05774775,0.0400022499999999
Laem Chabang Port,2023-04-01,LSTM,test,0.09775,0.0424907580018043,0.0552592419981956
Laem Chabang Port,2023-05-01,SARIMA,test,0.05215,0.0065840324005414,0.0455659675994585
Laem Chabang Port,2023-05-01,RF,test,0.05215,-0.0390441666666666,0.0911941666666666
Laem Chabang Port,2023-05-01,LSTM,test,0.05215,-0.0487788766622543,0.1009288766622543
Laem Chabang Port,2023-06-01,SARIMA,test,-0.083075,-0.0545521205889631,-0.0285228794110368
Laem Chabang Port,2023-06-01,RF,test,-0.083075,-0.0742283333333333,-0.0088466666666666
Laem Chabang Port,2023-06-01,LSTM,test,-0.083075,-0.096902385354042,0.013827385354042
Laem Chabang Port,2023-07-01,SARIMA,test,-0.0933,-0.0757745990797836,-0.0175254009202163
Laem Chabang Port,2023-07-01,RF,test,-0.0933,-0.1050009166666668,0.0117009166666668
Laem Chabang Port,2023-07-01,LSTM,test,-0.0933,-0.1206820607185363,0.0273820607185363
Laem Chabang Port,2023-08-01,SARIMA,test,-0.1408,-0.0707144713988098,-0.0700855286011901
Laem Chabang Port,2023-08-01,RF,test,-0.1408,-0.1067911666666666,-0.0340088333333333
Laem Chabang Port,2023-08-01,LSTM,test,-0.1408,-0.0914619863033294,-0.0493380136966705
Laem Chabang Port,2023-09-01,SARIMA,test,-0.0249,-0.053866976315453,0.028966976315453
Laem Chabang Port,2023-09-01,RF,test,-0.0249,-0.1044814999999999,0.0795814999999999
Laem Chabang Port,2023-09-01,LSTM,test,-0.0249,-0.0368926264345645,0.0119926264345645
Laem Chabang Port,2023-10-01,SARIMA,test,0.11085,0.118527263446492,-0.007677263446492
Laem Chabang Port,2023-10-01,RF,test,0.11085,0.0071276666666666,0.1037223333333333
Laem Chabang Port,2023-10-01,LSTM,test,0.11085,0.0467411242425441,0.0641088757574558
Laem Chabang Port,2023-11-01,SARIMA,test,0.279175,0.2413224578108194,0.0378525421891806
Laem Chabang Port,2023-11-01,RF,test,0.279175,0.1734081666666666,0.1057668333333334
Laem Chabang Port,2023-11-01,LSTM,test,0.279175,0.1542925089597702,0.1248824910402298
Laem Chabang Port,2023-12-01,SARIMA,test,0.324325,0.3127521823729571,0.0115728176270429
Laem Chabang Port,2023-12-01,RF,test,0.324325,0.250839,0.073486
Laem Chabang Port,2023-12-01,LSTM,test,0.324325,0.2278694063425064,0.0964555936574936
Laem Chabang Port,2024-01-01,SARIMA,test,0.328525,0.2844995820210625,0.0440254179789375
Laem Chabang Port,2024-01-01,RF,test,0.328525,0.2583666666666667,0.0701583333333333
Laem Chabang Port,2024-01-01,LSTM,test,0.328525,0.2368225753307342,0.0917024246692657
Laem Chabang Port,2024-02-01,SARIMA,test,0.273875,0.241975197588534,0.0318998024114659
Laem Chabang Port,2024-02-01,RF,test,0.273875,0.2401523333333334,0.0337226666666666
Laem Chabang Port,2024-02-01,LSTM,test,0.273875,0.1951444447040558,0.0787305552959442
Laem Chabang Port,2024-03-01,SARIMA,test,0.14135,0.1818078805799234,-0.0404578805799234
Laem Chabang Port,2024-03-01,RF,test,0.14135,0.1580049166666664,-0.0166549166666663
Laem Chabang Port,2024-03-01,LSTM,test,0.14135,0.1215973943471908,0.0197526056528091
Laem Chabang Port,2024-04-01,SARIMA,test,0.050425,0.0867208835581861,-0.0362958835581861
Laem Chabang Port,2024-04-01,RF,test,0.050425,0.0406062499999999,0.00981875
Laem Chabang Port,2024-04-01,LSTM,test,0.050425,0.0304208863526582,0.0200041136473417
Laem Chabang Port,2024-05-01,SARIMA,test,0.0665,0.0023040586816342,0.0641959413183658
Laem Chabang Port,2024-05-01,RF,test,0.0665,-0.0416445,0.1081445
Laem Chabang Port,2024-05-01,LSTM,test,0.0665,-0.0611979775130748,0.1276979775130748
Laem Chabang Port,2024-06-01,SARIMA,test,-0.08225,-0.0454323371636934,-0.0368176628363065
Laem Chabang Port,2024-06-01,RF,test,-0.08225,-0.0648475,-0.0174024999999999
Laem Chabang Port,2024-06-01,LSTM,test,-0.08225,-0.0932677909731864,0.0110177909731864
Laem Chabang Port,2024-07-01,SARIMA,test,-0.0163,-0.0755325471254641,0.0592325471254641
Laem Chabang Port,2024-07-01,RF,test,-0.0163,-0.1237274999999999,0.1074274999999999
Laem Chabang Port,2024-07-01,LSTM,test,-0.0163,-0.1096684709191322,0.0933684709191322
Laem Chabang Port,2024-08-01,SARIMA,test,0.006475,-0.0430499222246361,0.0495249222246361
Laem Chabang Port,2024-08-01,RF,test,0.006475,-0.0932060833333332,0.0996810833333332
Laem Chabang Port,2024-08-01,LSTM,test,0.006475,-0.0705926343798637,0.0770676343798637
Laem Chabang Port,2024-09-01,SARIMA,test,-0.090025,-0.0053248572510693,-0.0847001427489306
Laem Chabang Port,2024-09-01,RF,test,-0.090025,-0.0317946666666666,-0.0582303333333333
Laem Chabang Port,2024-09-01,LSTM,test,-0.090025,0.0036713066510856,-0.0936963066510856
Laem Chabang Port,2024-10-01,SARIMA,test,0.0873,0.0916198735098176,-0.0043198735098176
Laem Chabang Port,2024-10-01,RF,test,0.0873,0.0411561666666667,0.0461438333333332
Laem Chabang Port,2024-10-01,LSTM,test,0.0873,0.0494918525218963,0.0378081474781036
Laem Chabang Port,2024-11-01,SARIMA,test,0.30075,0.250824446242785,0.049925553757215
Laem Chabang Port,2024-11-01,RF,test,0.30075,0.1800580833333333,0.1206919166666666
Laem Chabang Port,2024-11-01,LSTM,test,0.30075,0.1436978429555893,0.1570521570444107
Laem Chabang Port,2024-12-01,SARIMA,test,0.301225,0.3250563536339416,-0.0238313536339415
Laem Chabang Port,2024-12-01,RF,test,0.301225,0.2810442500000002,0.0201807499999998
Laem Chabang Port,2024-12-01,LSTM,test,0.301225,0.2164686769247055,0.0847563230752945
Upper Gulf Offshore,2020-01-01,SARIMA,test,0.2308444444444445,0.2803214627439888,-0.0494770182995442
Upper Gulf Offshore,2020-01-01,RF,test,0.2308444444444445,0.2210803333333333,0.0097641111111111
Upper Gulf Offshore,2020-01-01,LSTM,test,0.2308444444444445,0.2289857417345047,0.0018587027099397
Upper Gulf Offshore,2020-02-01,SARIMA,test,0.2866111111111111,0.1911880308585075,0.0954230802526035
Upper Gulf Offshore,2020-02-01,RF,test,0.2866111111111111,0.1537683333333333,0.1328427777777777
Upper Gulf Offshore,2020-02-01,LSTM,test,0.2866111111111111,0.1523026674985885,0.1343084436125226
Upper Gulf Offshore,2020-03-01,SARIMA,test,0.1178777777777778,0.1699123486984192,-0.0520345709206414
Upper Gulf Offshore,2020-03-01,RF,test,0.1178777777777778,0.1539035555555556,-0.0360257777777777
Upper Gulf Offshore,2020-03-01,LSTM,test,0.1178777777777778,0.1022661104798317,0.0156116672979461
Upper Gulf Offshore,2020-04-01,SARIMA,test,0.1657888888888888,0.0608088527942671,0.1049800360946217
Upper Gulf Offshore,2020-04-01,RF,test,0.1657888888888888,0.0682639999999999,0.0975248888888889
Upper Gulf Offshore,2020-04-01,LSTM,test,0.1657888888888888,0.0115436892956495,0.1542451995932393
Upper Gulf Offshore,2020-05-01,SARIMA,test,0.0261222222222222,0.0131063544748715,0.0130158677473506
Upper Gulf Offshore,2020-05-01,RF,test,0.0261222222222222,-0.0132018888888888,0.0393241111111111
Upper Gulf Offshore,2020-05-01,LSTM,test,0.0261222222222222,-0.0327388793230056,0.0588611015452279
Upper Gulf Offshore,2020-06-01,SARIMA,test,-0.1017555555555555,-0.1022452924358773,0.0004897368803218
Upper Gulf Offshore,2020-06-01,RF,test,-0.1017555555555555,-0.0899705555555555,-0.011785
Upper Gulf Offshore,2020-06-01,LSTM,test,-0.1017555555555555,-0.0978313907980918,-0.0039241647574636
Upper Gulf Offshore,2020-07-01,SARIMA,test,-0.1293222222222222,-0.1066628741333802,-0.0226593480888419
Upper Gulf Offshore,2020-07-01,RF,test,-0.1293222222222222,-0.1098898888888889,-0.0194323333333333
Upper Gulf Offshore,2020-07-01,LSTM,test,-0.1293222222222222,-0.141376256942749,0.0120540347205267
Upper Gulf Offshore,2020-08-01,SARIMA,test,-0.0532222222222222,-0.1215870036173684,0.0683647813951461
Upper Gulf Offshore,2020-08-01,RF,test,-0.0532222222222222,-0.1347615555555556,0.0815393333333333
Upper Gulf Offshore,2020-08-01,LSTM,test,-0.0532222222222222,-0.1186098232865333,0.0653876010643111
Upper Gulf Offshore,2020-09-01,SARIMA,test,-0.0081555555555555,-0.0541277851719116,0.045972229616356
Upper Gulf Offshore,2020-09-01,RF,test,-0.0081555555555555,-0.0905483333333332,0.0823927777777777
Upper Gulf Offshore,2020-09-01,LSTM,test,-0.0081555555555555,-0.049710389226675,0.0415548336711194
Upper Gulf Offshore,2020-10-01,SARIMA,test,0.0960222222222222,0.1177552984717826,-0.0217330762495603
Upper Gulf Offshore,2020-10-01,RF,test,0.0960222222222222,0.0011248888888888,0.0948973333333333
Upper Gulf Offshore,2020-10-01,LSTM,test,0.0960222222222222,0.0576970130205154,0.0383252092017067
Upper Gulf Offshore,2020-11-01,SARIMA,test,0.2649111111111111,0.2286619075228149,0.0362492035882962
Upper Gulf Offshore,2020-11-01,RF,test,0.2649111111111111,0.1898937777777777,0.0750173333333334
Upper Gulf Offshore,2020-11-01,LSTM,test,0.2649111111111111,0.1709197163581848,0.0939913947529263
Upper Gulf Offshore,2020-12-01,SARIMA,test,0.2857444444444444,0.29552433957705,-0.0097798951326056
Upper Gulf Offshore,2020-12-01,RF,test,0.2857444444444444,0.2646515555555555,0.0210928888888889
Upper Gulf Offshore,2020-12-01,LSTM,test,0.2857444444444444,0.2540462911128998,0.0316981533315446
Upper Gulf Offshore,2021-01-01,SARIMA,test,0.3170777777777778,0.2597174783927135,0.0573602993850642
Upper Gulf Offshore,2021-01-01,RF,test,0.3170777777777778,0.2253871111111112,0.0916906666666665
Upper Gulf Offshore,2021-01-01,LSTM,test,0.3170777777777778,0.2294224947690963,0.0876552830086814
Upper Gulf Offshore,2021-02-01,SARIMA,test,0.1674,0.2450759441355143,-0.0776759441355143
Upper Gulf Offshore,2021-02-01,RF,test,0.1674,0.209390888888889,-0.041990888888889
Upper Gulf Offshore,2021-02-01,LSTM,test,0.1674,0.1790868937969207,-0.0116868937969207
Upper Gulf Offshore,2021-03-01,SARIMA,test,0.0748333333333333,0.1141197105220825,-0.0392863771887492
Upper Gulf Offshore,2021-03-01,RF,test,0.0748333333333333,0.1263883333333334,-0.0515550000000001
Upper Gulf Offshore,2021-03-01,LSTM,test,0.0748333333333333,0.0906430035829544,-0.015809670249621
Upper Gulf Offshore,2021-04-01,SARIMA,test,0.0158222222222222,0.069642705292932,-0.0538204830707097
Upper Gulf Offshore,2021-04-01,RF,test,0.0158222222222222,0.0303117777777777,-0.0144895555555555
Upper Gulf Offshore,2021-04-01,LSTM,test,0.0158222222222222,0.0041080601513385,0.0117141620708836
Upper Gulf Offshore,2021-05-01,SARIMA,test,-0.0339666666666666,-0.0387061364216773,0.0047394697550106
Upper Gulf Offshore,2021-05-01,RF,test,-0.0339666666666666,-0.044532,0.0105653333333333
Upper Gulf Offshore,2021-05-01,LSTM,test,-0.0339666666666666,-0.0607975646853446,0.026830898018678
Upper Gulf Offshore,2021-06-01,SARIMA,test,-0.0853777777777777,-0.1241120359922778,0.0387342582145
Upper Gulf Offshore,2021-06-01,RF,test,-0.0853777777777777,-0.1382884444444444,0.0529106666666666
Upper Gulf Offshore,2021-06-01,LSTM,test,-0.0853777777777777,-0.1175594627857208,0.032181685007943
Upper Gulf Offshore,2021-07-01,SARIMA,test,-0.0856,-0.1059771259181386,0.0203771259181386
Upper Gulf Offshore,2021-07-01,RF,test,-0.0856,-0.1141456666666667,0.0285456666666667
Upper Gulf Offshore,2021-07-01,LSTM,test,-0.0856,-0.1452882885932922,0.0596882885932922
Upper Gulf Offshore,2021-08-01,SARIMA,test,-0.072,-0.0895857509980561,0.0175857509980561
Upper Gulf Offshore,2021-08-01,RF,test,-0.072,-0.120075,0.0480749999999999
Upper Gulf Offshore,2021-08-01,LSTM,test,-0.072,-0.1229814812541008,0.0509814812541007
Upper Gulf Offshore,2021-09-01,SARIMA,test,-0.0851444444444444,-0.0502329830575493,-0.0349114613868951
Upper Gulf Offshore,2021-09-01,RF,test,-0.0851444444444444,-0.0791985555555555,-0.0059458888888889
Upper Gulf Offshore,2021-09-01,LSTM,test,-0.0851444444444444,-0.0369286984205246,-0.0482157460239198
Upper Gulf Offshore,2021-10-01,SARIMA,test,0.0154444444444444,0.0845030068576022,-0.0690585624131577
Upper Gulf Offshore,2021-10-01,RF,test,0.0154444444444444,0.0666678888888889,-0.0512234444444445
Upper Gulf Offshore,2021-10-01,LSTM,test,0.0154444444444444,0.0595418587327003,-0.0440974142882559
Upper Gulf Offshore,2021-11-01,SARIMA,test,0.2361222222222222,0.2076727875516392,0.0284494346705829
Upper Gulf Offshore,2021-11-01,RF,test,0.2361222222222222,0.203219,0.0329032222222221
Upper Gulf Offshore,2021-11-01,LSTM,test,0.2361222222222222,0.1640277206897735,0.0720945015324486
Upper Gulf Offshore,2021-12-01,SARIMA,test,0.3084888888888888,0.2827030585428495,0.0257858303460393
Upper Gulf Offshore,2021-12-01,RF,test,0.3084888888888888,0.2623178888888886,0.0461710000000002
Upper Gulf Offshore,2021-12-01,LSTM,test,0.3084888888888888,0.2379527390003204,0.0705361498885684
Upper Gulf Offshore,2022-01-01,SARIMA,test,0.2575444444444444,0.281468144598097,-0.0239237001536525
Upper Gulf Offshore,2022-01-01,RF,test,0.2575444444444444,0.2168953333333334,0.040649111111111
Upper Gulf Offshore,2022-01-01,LSTM,test,0.2575444444444444,0.236336663365364,0.0212077810790803
Upper Gulf Offshore,2022-02-01,SARIMA,test,0.2782444444444444,0.2051106245834319,0.0731338198610125
Upper Gulf Offshore,2022-02-01,RF,test,0.2782444444444444,0.2019001111111113,0.0763443333333331
Upper Gulf Offshore,2022-02-01,LSTM,test,0.2782444444444444,0.1622426956892013,0.1160017487552431
Upper Gulf Offshore,2022-03-01,SARIMA,test,0.1329222222222222,0.1454697007861934,-0.0125474785639711
Upper Gulf Offshore,2022-03-01,RF,test,0.1329222222222222,0.1512627777777778,-0.0183405555555556
Upper Gulf Offshore,2022-03-01,LSTM,test,0.1329222222222222,0.0989761129021644,0.0339461093200577
Upper Gulf Offshore,2022-04-01,SARIMA,test,0.1180111111111111,0.0782908940310754,0.0397202170800356
Upper Gulf Offshore,2022-04-01,RF,test,0.1180111111111111,0.0239048888888888,0.0941062222222222
Upper Gulf Offshore,2022-04-01,LSTM,test,0.1180111111111111,0.0104292696341872,0.1075818414769239
Upper Gulf Offshore,2022-05-01,SARIMA,test,0.0073,-0.0002142126679775,0.0075142126679775
Upper Gulf Offshore,2022-05-01,RF,test,0.0073,0.0364743333333333,-0.0291743333333333
Upper Gulf Offshore,2022-05-01,LSTM,test,0.0073,-0.0396397188305854,0.0469397188305854
Upper Gulf Offshore,2022-06-01,SARIMA,test,-0.0495777777777777,-0.0999467885030815,0.0503690107253037
Upper Gulf Offshore,2022-06-01,RF,test,-0.0495777777777777,-0.0496973333333333,0.0001195555555555
Upper Gulf Offshore,2022-06-01,LSTM,test,-0.0495777777777777,-0.1049594953656196,0.0553817175878418
Upper Gulf Offshore,2022-07-01,SARIMA,test,-0.0407,-0.0881098275911934,0.0474098275911933
Upper Gulf Offshore,2022-07-01,RF,test,-0.0407,-0.1096901111111111,0.0689901111111111
Upper Gulf Offshore,2022-07-01,LSTM,test,-0.0407,-0.129881739616394,0.089181739616394
Upper Gulf Offshore,2022-08-01,SARIMA,test,-0.0516888888888888,-0.0690431129206737,0.0173542240317848
Upper Gulf Offshore,2022-08-01,RF,test,-0.0516888888888888,-0.1068642222222222,0.0551753333333333
Upper Gulf Offshore,2022-08-01,LSTM,test,-0.0516888888888888,-0.1183944046497345,0.0667055157608456
Upper Gulf Offshore,2022-09-01,SARIMA,test,-0.0287,-0.0509770874184677,0.0222770874184677
Upper Gulf Offshore,2022-09-01,RF,test,-0.0287,-0.0708384444444444,0.0421384444444443
Upper Gulf Offshore,2022-09-01,LSTM,test,-0.0287,-0.0481777712702751,0.0194777712702751
Upper Gulf Offshore,2022-10-01,SARIMA,test,0.1553111111111111,0.0889817710972427,0.0663293400138683
Upper Gulf Offshore,2022-10-01,RF,test,0.1553111111111111,0.0694783333333333,0.0858327777777777
Upper Gulf Offshore,2022-10-01,LSTM,test,0.1553111111111111,0.0543269552290439,0.1009841558820671
Upper Gulf Offshore,2022-11-01,SARIMA,test,0.2584222222222222,0.2654992836588515,-0.0070770614366293
Upper Gulf Offshore,2022-11-01,RF,test,0.2584222222222222,0.2053418888888889,0.0530803333333332
Upper Gulf Offshore,2022-11-01,LSTM,test,0.2584222222222222,0.2063162624835968,0.0521059597386254
Upper Gulf Offshore,2022-12-01,SARIMA,test,0.3917444444444444,0.2968982562171055,0.0948461882273389
Upper Gulf Offshore,2022-12-01,RF,test,0.3917444444444444,0.2902228888888888,0.1015215555555555
Upper Gulf Offshore,2022-12-01,LSTM,test,0.3917444444444444,0.2347005307674408,0.1570439136770036
Upper Gulf Offshore,2023-01-01,SARIMA,test,0.2926888888888889,0.3063227437786228,-0.0136338548897338
Upper Gulf Offshore,2023-01-01,RF,test,0.2926888888888889,0.2565461111111111,0.0361427777777778
Upper Gulf Offshore,2023-01-01,LSTM,test,0.2926888888888889,0.2338030487298965,0.0588858401589924
Upper Gulf Offshore,2023-02-01,SARIMA,test,0.2929555555555556,0.2350906266440559,0.0578649289114996
Upper Gulf Offshore,2023-02-01,RF,test,0.2929555555555556,0.2081293333333335,0.084826222222222
Upper Gulf Offshore,2023-02-01,LSTM,test,0.2929555555555556,0.1766374409198761,0.1163181146356794
Upper Gulf Offshore,2023-03-01,SARIMA,test,0.2264,0.1479133627779848,0.0784866372220151
Upper Gulf Offshore,2023-03-01,RF,test,0.2264,0.1801907777777779,0.046209222222222
Upper Gulf Offshore,2023-03-01,LSTM,test,0.2264,0.1063732355833053,0.1200267644166946
Upper Gulf Offshore,2023-04-01,SARIMA,test,0.0862,0.121786597728357,-0.035586597728357
Upper Gulf Offshore,2023-04-01,RF,test,0.0862,0.0773848888888888,0.0088151111111111
Upper Gulf Offshore,2023-04-01,LSTM,test,0.0862,0.0310293696820735,0.0551706303179264
Upper Gulf Offshore,2023-05-01,SARIMA,test,0.0387,-0.0100918044494569,0.0487918044494569
Upper Gulf Offshore,2023-05-01,RF,test,0.0387,-0.0358948888888888,0.0745948888888888
Upper Gulf Offshore,2023-05-01,LSTM,test,0.0387,-0.0571440607309341,0.0958440607309341
Upper Gulf Offshore,2023-06-01,SARIMA,test,-0.0970222222222222,-0.0766667397999307,-0.0203554824222914
Upper Gulf Offshore,2023-06-01,RF,test,-0.0970222222222222,-0.0877476666666666,-0.0092745555555555
Upper Gulf Offshore,2023-06-01,LSTM,test,-0.0970222222222222,-0.1115676388144493,0.014545416592227
Upper Gulf Offshore,2023-07-01,SARIMA,test,-0.1016222222222222,-0.0943651184823564,-0.0072571037398658
Upper Gulf Offshore,2023-07-01,RF,test,-0.1016222222222222,-0.1028628888888889,0.0012406666666667
Upper Gulf Offshore,2023-07-01,LSTM,test,-0.1016222222222222,-0.1542454659938812,0.052623243771659
Upper Gulf Offshore,2023-08-01,SARIMA,test,-0.1421555555555555,-0.0872660309400824,-0.0548895246154731
Upper Gulf Offshore,2023-08-01,RF,test,-0.1421555555555555,-0.0962315555555555,-0.045924
Upper Gulf Offshore,2023-08-01,LSTM,test,-0.1421555555555555,-0.1291856169700622,-0.0129699385854932
Upper Gulf Offshore,2023-09-01,SARIMA,test,-0.0232555555555555,-0.0788551584048059,0.0555996028492503
Upper Gulf Offshore,2023-09-01,RF,test,-0.0232555555555555,-0.0840141111111111,0.0607585555555555
Upper Gulf Offshore,2023-09-01,LSTM,test,-0.0232555555555555,-0.0600580461323261,0.0368024905767705
Upper Gulf Offshore,2023-10-01,SARIMA,test,0.0955777777777777,0.1065038614107533,-0.0109260836329755
Upper Gulf Offshore,2023-10-01,RF,test,0.0955777777777777,0.0333711111111111,0.0622066666666666
Upper Gulf Offshore,2023-10-01,LSTM,test,0.0955777777777777,0.0570246018469333,0.0385531759308444
Upper Gulf Offshore,2023-11-01,SARIMA,test,0.2681555555555556,0.2419909083717366,0.026164647183819
Upper Gulf Offshore,2023-11-01,RF,test,0.2681555555555556,0.205371,0.0627845555555556
Upper Gulf Offshore,2023-11-01,LSTM,test,0.2681555555555556,0.1942219287157058,0.0739336268398497
Upper Gulf Offshore,2023-12-01,SARIMA,test,0.3261,0.3226662551233012,0.0034337448766987
Upper Gulf Offshore,2023-12-01,RF,test,0.3261,0.270008111111111,0.056091888888889
Upper Gulf Offshore,2023-12-01,LSTM,test,0.3261,0.2607875764369964,0.0653124235630035
Upper Gulf Offshore,2024-01-01,SARIMA,test,0.3146222222222222,0.2791167804465859,0.0355054417756363
Upper Gulf Offshore,2024-01-01,RF,test,0.3146222222222222,0.2820411111111112,0.032581111111111
Upper Gulf Offshore,2024-01-01,LSTM,test,0.3146222222222222,0.2372727990150451,0.077349423207177
Upper Gulf Offshore,2024-02-01,SARIMA,test,0.2715777777777778,0.2566627308797735,0.0149150468980043
Upper Gulf Offshore,2024-02-01,RF,test,0.2715777777777778,0.2418970000000002,0.0296807777777775
Upper Gulf Offshore,2024-02-01,LSTM,test,0.2715777777777778,0.1764511913061142,0.0951265864716636
Upper Gulf Offshore,2024-03-01,SARIMA,test,0.1395444444444444,0.1584700086160709,-0.0189255641716265
Upper Gulf Offshore,2024-03-01,RF,test,0.1395444444444444,0.167692,-0.0281475555555556
Upper Gulf Offshore,2024-03-01,LSTM,test,0.1395444444444444,0.1035669818520546,0.0359774625923898
Upper Gulf Offshore,2024-04-01,SARIMA,test,0.0310222222222222,0.0816812522226032,-0.050659030000381
Upper Gulf Offshore,2024-04-01,RF,test,0.0310222222222222,0.0466163333333333,-0.015594111111111
Upper Gulf Offshore,2024-04-01,LSTM,test,0.0310222222222222,0.0168992616236209,0.0141229605986012
Upper Gulf Offshore,2024-05-01,SARIMA,test,0.0417222222222222,-0.0188524862112935,0.0605747084335158
Upper Gulf Offshore,2024-05-01,RF,test,0.0417222222222222,-0.0423788888888888,0.0841011111111111
Upper Gulf Offshore,2024-05-01,LSTM,test,0.0417222222222222,-0.0722104609012603,0.1139326831234826
Upper Gulf Offshore,2024-06-01,SARIMA,test,-0.0928111111111111,-0.0803272229859543,-0.0124838881251568
Upper Gulf Offshore,2024-06-01,RF,test,-0.0928111111111111,-0.0867377777777777,-0.0060733333333333
Upper Gulf Offshore,2024-06-01,LSTM,test,-0.0928111111111111,-0.1128969639539718,0.0200858528428607
Upper Gulf Offshore,2024-07-01,SARIMA,test,-0.0422222222222222,-0.0945238182660148,0.0523015960437926
Upper Gulf Offshore,2024-07-01,RF,test,-0.0422222222222222,-0.1113006666666667,0.0690784444444445
Upper Gulf Offshore,2024-07-01,LSTM,test,-0.0422222222222222,-0.1455662250518798,0.1033440028296576
Upper Gulf Offshore,2024-08-01,SARIMA,test,-0.0097111111111111,-0.0783885248884464,0.0686774137773353
Upper Gulf Offshore,2024-08-01,RF,test,-0.0097111111111111,-0.1082525555555556,0.0985414444444445
Upper Gulf Offshore,2024-08-01,LSTM,test,-0.0097111111111111,-0.112098604440689,0.1023874933295779
Upper Gulf Offshore,2024-09-01,SARIMA,test,-0.0997666666666666,-0.0173868488011441,-0.0823798178655225
Upper Gulf Offshore,2024-09-01,RF,test,-0.0997666666666666,-0.0330006666666667,-0.0667659999999999
Upper Gulf Offshore,2024-09-01,LSTM,test,-0.0997666666666666,-0.0099556697532534,-0.0898109969134132
Upper Gulf Offshore,2024-10-01,SARIMA,test,0.1038888888888888,0.0759567102684778,0.027932178620411
Upper Gulf Offshore,2024-10-01,RF,test,0.1038888888888888,0.0551614444444444,0.0487274444444444
Upper Gulf Offshore,2024-10-01,LSTM,test,0.1038888888888888,0.0483599230647087,0.0555289658241801
Upper Gulf Offshore,2024-11-01,SARIMA,test,0.3115777777777777,0.2511574586255787,0.060420319152199
Upper Gulf Offshore,2024-11-01,RF,test,0.3115777777777777,0.2040958888888889,0.1074818888888888
Upper Gulf Offshore,2024-11-01,LSTM,test,0.3115777777777777,0.1819289773702621,0.1296488004075155
Upper Gulf Offshore,2024-12-01,SARIMA,test,0.3150888888888889,0.3393547323422022,-0.0242658434533132
Upper Gulf Offshore,2024-12-01,RF,test,0.3150888888888889,0.2844136666666665,0.0306752222222224
Upper Gulf Offshore,2024-12-01,LSTM,test,0.3150888888888889,0.2536292374134063,0.0614596514754825
Phetchaburi Bangkawe,2020-01-01,SARIMA,test,0.2118,0.2474936821397413,-0.0356936821397413
Phetchaburi Bangkawe,2020-01-01,RF,test,0.2118,0.2042281249999998,0.0075718750000002
Phetchaburi Bangkawe,2020-01-01,LSTM,test,0.2118,0.2212935090065002,-0.0094935090065002
Phetchaburi Bangkawe,2020-02-01,SARIMA,test,0.254375,0.1828514499279673,0.0715235500720326
Phetchaburi Bangkawe,2020-02-01,RF,test,0.254375,0.1380156250000001,0.1163593749999998
Phetchaburi Bangkawe,2020-02-01,LSTM,test,0.254375,0.162859633564949,0.0915153664350509
Phetchaburi Bangkawe,2020-03-01,SARIMA,test,0.112725,0.165918450661738,-0.053193450661738
Phetchaburi Bangkawe,2020-03-01,RF,test,0.112725,0.1312670000000001,-0.0185420000000001
Phetchaburi Bangkawe,2020-03-01,LSTM,test,0.112725,0.1140719726681709,-0.0013469726681709
Phetchaburi Bangkawe,2020-04-01,SARIMA,test,0.149625,0.0600786555265564,0.0895463444734435
Phetchaburi Bangkawe,2020-04-01,RF,test,0.149625,0.054477375,0.0951476249999999
Phetchaburi Bangkawe,2020-04-01,LSTM,test,0.149625,0.0261648837476968,0.1234601162523031
Phetchaburi Bangkawe,2020-05-01,SARIMA,test,0.041,0.0299843631086136,0.0110156368913863
Phetchaburi Bangkawe,2020-05-01,RF,test,0.041,0.0051895,0.0358105
Phetchaburi Bangkawe,2020-05-01,LSTM,test,0.041,-0.0257273111492395,0.0667273111492395
Phetchaburi Bangkawe,2020-06-01,SARIMA,test,-0.084025,-0.0661279225644092,-0.0178970774355907
Phetchaburi Bangkawe,2020-06-01,RF,test,-0.084025,-0.0649795,-0.0190454999999999
Phetchaburi Bangkawe,2020-06-01,LSTM,test,-0.084025,-0.0763924196362495,-0.0076325803637504
Phetchaburi Bangkawe,2020-07-01,SARIMA,test,-0.110675,-0.0749440967990296,-0.0357309032009704
Phetchaburi Bangkawe,2020-07-01,RF,test,-0.110675,-0.095293625,-0.0153813749999999
Phetchaburi Bangkawe,2020-07-01,LSTM,test,-0.110675,-0.0999379009008407,-0.0107370990991592
Phetchaburi Bangkawe,2020-08-01,SARIMA,test,-0.0361,-0.0818277102743862,0.0457277102743862
Phetchaburi Bangkawe,2020-08-01,RF,test,-0.0361,-0.094350875,0.058250875
Phetchaburi Bangkawe,2020-08-01,LSTM,test,-0.0361,-0.0755250751972198,0.0394250751972198
Phetchaburi Bangkawe,2020-09-01,SARIMA,test,-0.003025,-0.0214066363817351,0.0183816363817351
Phetchaburi Bangkawe,2020-09-01,RF,test,-0.003025,-0.087477875,0.084452875
Phetchaburi Bangkawe,2020-09-01,LSTM,test,-0.003025,-0.0206116288900375,0.0175866288900375
Phetchaburi Bangkawe,2020-10-01,SARIMA,test,0.097675,0.1150322668066555,-0.0173572668066555
Phetchaburi Bangkawe,2020-10-01,RF,test,0.097675,0.0027939999999999,0.094881
Phetchaburi Bangkawe,2020-10-01,LSTM,test,0.097675,0.0547797754406929,0.0428952245593071
Phetchaburi Bangkawe,2020-11-01,SARIMA,test,0.26045,0.2205870614793288,0.0398629385206711
Phetchaburi Bangkawe,2020-11-01,RF,test,0.26045,0.1853748750000001,0.0750751249999999
Phetchaburi Bangkawe,2020-11-01,LSTM,test,0.26045,0.1368192434310913,0.1236307565689087
Phetchaburi Bangkawe,2020-12-01,SARIMA,test,0.2797,0.2891755689553888,-0.0094755689553888
Phetchaburi Bangkawe,2020-12-01,RF,test,0.2797,0.2478742500000001,0.0318257499999999
Phetchaburi Bangkawe,2020-12-01,LSTM,test,0.2797,0.2136022299528122,0.0660977700471878
Phetchaburi Bangkawe,2021-01-01,SARIMA,test,0.3039,0.2491331179428281,0.0547668820571718
Phetchaburi Bangkawe,2021-01-01,RF,test,0.3039,0.2195014999999998,0.0843985000000001
Phetchaburi Bangkawe,2021-01-01,LSTM,test,0.3039,0.2211913466453552,0.0827086533546447
Phetchaburi Bangkawe,2021-02-01,SARIMA,test,0.1616749999999999,0.2218620211119131,-0.0601870211119131
Phetchaburi Bangkawe,2021-02-01,RF,test,0.1616749999999999,0.1958668750000002,-0.0341918750000002
Phetchaburi Bangkawe,2021-02-01,LSTM,test,0.1616749999999999,0.1906278878450393,-0.0289528878450393
Phetchaburi Bangkawe,2021-03-01,SARIMA,test,0.075725,0.1354655485255939,-0.0597405485255938
Phetchaburi Bangkawe,2021-03-01,RF,test,0.075725,0.112189625,-0.036464625
Phetchaburi Bangkawe,2021-03-01,LSTM,test,0.075725,0.1118311360478401,-0.0361061360478401
Phetchaburi Bangkawe,2021-04-01,SARIMA,test,0.026725,0.0666170017710207,-0.0398920017710207
Phetchaburi Bangkawe,2021-04-01,RF,test,0.026725,0.0269259999999999,-0.0002009999999999
Phetchaburi Bangkawe,2021-04-01,LSTM,test,0.026725,0.024028705433011,0.0026962945669889
Phetchaburi Bangkawe,2021-05-01,SARIMA,test,-0.021325,-0.0041601477815923,-0.0171648522184076
Phetchaburi Bangkawe,2021-05-01,RF,test,-0.021325,-0.0449786249999999,0.0236536249999999
Phetchaburi Bangkawe,2021-05-01,LSTM,test,-0.021325,-0.0403761230409145,0.0190511230409145
Phetchaburi Bangkawe,2021-06-01,SARIMA,test,-0.06665,-0.0762931413763408,0.0096431413763408
Phetchaburi Bangkawe,2021-06-01,RF,test,-0.06665,-0.1162468750000002,0.0495968750000002
Phetchaburi Bangkawe,2021-06-01,LSTM,test,-0.06665,-0.088809959590435,0.022159959590435
Phetchaburi Bangkawe,2021-07-01,SARIMA,test,-0.0606,-0.0697431753029733,0.0091431753029733
Phetchaburi Bangkawe,2021-07-01,RF,test,-0.0606,-0.1044120000000001,0.0438120000000001
Phetchaburi Bangkawe,2021-07-01,LSTM,test,-0.0606,-0.1022473499178886,0.0416473499178886
Phetchaburi Bangkawe,2021-08-01,SARIMA,test,-0.048875,-0.0670744136031457,0.0181994136031457
Phetchaburi Bangkawe,2021-08-01,RF,test,-0.048875,-0.1004225000000001,0.0515475
Phetchaburi Bangkawe,2021-08-01,LSTM,test,-0.048875,-0.0743987187743187,0.0255237187743186
Phetchaburi Bangkawe,2021-09-01,SARIMA,test,-0.069525,-0.0275504551003035,-0.0419745448996964
Phetchaburi Bangkawe,2021-09-01,RF,test,-0.069525,-0.0742084999999999,0.0046834999999999
Phetchaburi Bangkawe,2021-09-01,LSTM,test,-0.069525,-0.0076780654489994,-0.0618469345510006
Phetchaburi Bangkawe,2021-10-01,SARIMA,test,0.0353,0.0955903860854914,-0.0602903860854914
Phetchaburi Bangkawe,2021-10-01,RF,test,0.0353,0.0638655,-0.0285655
Phetchaburi Bangkawe,2021-10-01,LSTM,test,0.0353,0.0596696957945823,-0.0243696957945823
Phetchaburi Bangkawe,2021-11-01,SARIMA,test,0.2347,0.2053704234016188,0.0293295765983811
Phetchaburi Bangkawe,2021-11-01,RF,test,0.2347,0.18595725,0.0487427499999999
Phetchaburi Bangkawe,2021-11-01,LSTM,test,0.2347,0.133566528558731,0.1011334714412689
Phetchaburi Bangkawe,2021-12-01,SARIMA,test,0.29055,0.280992822800069,0.0095571771999309
Phetchaburi Bangkawe,2021-12-01,RF,test,0.29055,0.256234,0.034316
Phetchaburi Bangkawe,2021-12-01,LSTM,test,0.29055,0.197583794593811,0.092966205406189
Phetchaburi Bangkawe,2022-01-01,SARIMA,test,0.23275,0.2516364148800405,-0.0188864148800405
Phetchaburi Bangkawe,2022-01-01,RF,test,0.23275,0.2063591249999997,0.0263908750000002
Phetchaburi Bangkawe,2022-01-01,LSTM,test,0.23275,0.2252570539712906,0.0074929460287094
Phetchaburi Bangkawe,2022-02-01,SARIMA,test,0.25695,0.1924968218414218,0.0644531781585782
Phetchaburi Bangkawe,2022-02-01,RF,test,0.25695,0.1934263749999999,0.0635236250000001
Phetchaburi Bangkawe,2022-02-01,LSTM,test,0.25695,0.1718517690896988,0.0850982309103012
Phetchaburi Bangkawe,2022-03-01,SARIMA,test,0.129275,0.1642724916726879,-0.0349974916726879
Phetchaburi Bangkawe,2022-03-01,RF,test,0.129275,0.1474025000000001,-0.0181275000000001
Phetchaburi Bangkawe,2022-03-01,LSTM,test,0.129275,0.1121051907539367,0.0171698092460632
Phetchaburi Bangkawe,2022-04-01,SARIMA,test,0.1195,0.0704978601856951,0.0490021398143048
Phetchaburi Bangkawe,2022-04-01,RF,test,0.1195,0.025565375,0.093934625
Phetchaburi Bangkawe,2022-04-01,LSTM,test,0.1195,0.0279993154108524,0.0915006845891475
Phetchaburi Bangkawe,2022-05-01,SARIMA,test,0.026575,0.0222435230514684,0.0043314769485315
Phetchaburi Bangkawe,2022-05-01,RF,test,0.026575,0.0299352499999999,-0.0033602499999999
Phetchaburi Bangkawe,2022-05-01,LSTM,test,0.026575,-0.0221997983753681,0.0487747983753681
Phetchaburi Bangkawe,2022-06-01,SARIMA,test,-0.0267,-0.0657925980993127,0.0390925980993127
Phetchaburi Bangkawe,2022-06-01,RF,test,-0.0267,0.0152918749999999,-0.0419918749999999
Phetchaburi Bangkawe,2022-06-01,LSTM,test,-0.0267,-0.0740551799535751,0.0473551799535751
Phetchaburi Bangkawe,2022-07-01,SARIMA,test,-0.01555,-0.0554124302807404,0.0398624302807404
Phetchaburi Bangkawe,2022-07-01,RF,test,-0.01555,-0.066966375,0.051416375
Phetchaburi Bangkawe,2022-07-01,LSTM,test,-0.01555,-0.0874029099941253,0.0718529099941253
Phetchaburi Bangkawe,2022-08-01,SARIMA,test,-0.0212,-0.0505713246549712,0.0293713246549712
Phetchaburi Bangkawe,2022-08-01,RF,test,-0.0212,-0.0836532500000001,0.0624532500000001
Phetchaburi Bangkawe,2022-08-01,LSTM,test,-0.0212,-0.070700004696846,0.049500004696846
Phetchaburi Bangkawe,2022-09-01,SARIMA,test,-0.008975,-0.0177134568452329,0.0087384568452329
Phetchaburi Bangkawe,2022-09-01,RF,test,-0.008975,-0.0755747500000001,0.0665997500000001
Phetchaburi Bangkawe,2022-09-01,LSTM,test,-0.008975,-0.0158264357596635,0.0068514357596635
Phetchaburi Bangkawe,2022-10-01,SARIMA,test,0.158025,0.1172620338930129,0.040762966106987
Phetchaburi Bangkawe,2022-10-01,RF,test,0.158025,0.0729217499999999,0.08510325
Phetchaburi Bangkawe,2022-10-01,LSTM,test,0.158025,0.0557158961892128,0.1023091038107872
Phetchaburi Bangkawe,2022-11-01,SARIMA,test,0.249575,0.2483329081888909,0.001242091811109
Phetchaburi Bangkawe,2022-11-01,RF,test,0.249575,0.196162125,0.0534128749999999
Phetchaburi Bangkawe,2022-11-01,LSTM,test,0.249575,0.1572863608598709,0.092288639140129
Phetchaburi Bangkawe,2022-12-01,SARIMA,test,0.370625,0.2880990469345885,0.0825259530654115
Phetchaburi Bangkawe,2022-12-01,RF,test,0.370625,0.2677880000000002,0.1028369999999997
Phetchaburi Bangkawe,2022-12-01,LSTM,test,0.370625,0.1968665570020675,0.1737584429979324
Phetchaburi Bangkawe,2023-01-01,SARIMA,test,0.2784,0.2882648144535925,-0.0098648144535925
Phetchaburi Bangkawe,2023-01-01,RF,test,0.2784,0.2438503750000001,0.0345496249999998
Phetchaburi Bangkawe,2023-01-01,LSTM,test,0.2784,0.2200053334236145,0.0583946665763854
Phetchaburi Bangkawe,2023-02-01,SARIMA,test,0.272475,0.214985368008799,0.057489631991201
Phetchaburi Bangkawe,2023-02-01,RF,test,0.272475,0.194242125,0.0782328749999999
Phetchaburi Bangkawe,2023-02-01,LSTM,test,0.272475,0.1897363811731338,0.0827386188268661
Phetchaburi Bangkawe,2023-03-01,SARIMA,test,0.20925,0.1796096898760051,0.0296403101239949
Phetchaburi Bangkawe,2023-03-01,RF,test,0.20925,0.176316875,0.032933125
Phetchaburi Bangkawe,2023-03-01,LSTM,test,0.20925,0.1277351081371307,0.0815148918628692
Phetchaburi Bangkawe,2023-04-01,SARIMA,test,0.087,0.110057745770885,-0.023057745770885
Phetchaburi Bangkawe,2023-04-01,RF,test,0.087,0.072370875,0.0146291249999999
Phetchaburi Bangkawe,2023-04-01,LSTM,test,0.087,0.0528639517724514,0.0341360482275485
Phetchaburi Bangkawe,2023-05-01,SARIMA,test,0.0566,0.0208730095239135,0.0357269904760864
Phetchaburi Bangkawe,2023-05-01,RF,test,0.0566,-0.0238812499999999,0.08048125
Phetchaburi Bangkawe,2023-05-01,LSTM,test,0.0566,-0.0325466245412826,0.0891466245412826
Phetchaburi Bangkawe,2023-06-01,SARIMA,test,-0.0642,-0.0371412861855982,-0.0270587138144017
Phetchaburi Bangkawe,2023-06-01,RF,test,-0.0642,-0.063524875,-0.0006751249999999
Phetchaburi Bangkawe,2023-06-01,LSTM,test,-0.0642,-0.0799629762768745,0.0157629762768745
Phetchaburi Bangkawe,2023-07-01,SARIMA,test,-0.093825,-0.0558380828131311,-0.0379869171868688
Phetchaburi Bangkawe,2023-07-01,RF,test,-0.093825,-0.0906795000000001,-0.0031454999999998
Phetchaburi Bangkawe,2023-07-01,LSTM,test,-0.093825,-0.1021243333816528,0.0082993333816528
Phetchaburi Bangkawe,2023-08-01,SARIMA,test,-0.12795,-0.0583036289980132,-0.0696463710019867
Phetchaburi Bangkawe,2023-08-01,RF,test,-0.12795,-0.07908425,-0.0488657499999999
Phetchaburi Bangkawe,2023-08-01,LSTM,test,-0.12795,-0.0787195712327957,-0.0492304287672042
Phetchaburi Bangkawe,2023-09-01,SARIMA,test,-0.0152,-0.0367828903823848,0.0215828903823848
Phetchaburi Bangkawe,2023-09-01,RF,test,-0.0152,-0.0695157500000001,0.0543157500000001
Phetchaburi Bangkawe,2023-09-01,LSTM,test,-0.0152,-0.024290457367897,0.009090457367897
Phetchaburi Bangkawe,2023-10-01,SARIMA,test,0.092625,0.1297045085115486,-0.0370795085115485
Phetchaburi Bangkawe,2023-10-01,RF,test,0.092625,0.00661,0.086015
Phetchaburi Bangkawe,2023-10-01,LSTM,test,0.092625,0.0561969317495822,0.0364280682504177
Phetchaburi Bangkawe,2023-11-01,SARIMA,test,0.246675,0.2316288881679326,0.0150461118320674
Phetchaburi Bangkawe,2023-11-01,RF,test,0.246675,0.1995867499999999,0.04708825
Phetchaburi Bangkawe,2023-11-01,LSTM,test,0.246675,0.1530836373567581,0.0935913626432419
Phetchaburi Bangkawe,2023-12-01,SARIMA,test,0.29655,0.299002359838253,-0.0024523598382529
Phetchaburi Bangkawe,2023-12-01,RF,test,0.29655,0.2512960000000003,0.0452539999999997
Phetchaburi Bangkawe,2023-12-01,LSTM,test,0.29655,0.2200939357280731,0.0764560642719269
Phetchaburi Bangkawe,2024-01-01,SARIMA,test,0.2982249999999999,0.2662554041745425,0.0319695958254574
Phetchaburi Bangkawe,2024-01-01,RF,test,0.2982249999999999,0.249754375,0.0484706249999998
Phetchaburi Bangkawe,2024-01-01,LSTM,test,0.2982249999999999,0.2276331037282943,0.0705918962717055
Phetchaburi Bangkawe,2024-02-01,SARIMA,test,0.254125,0.2304332111217044,0.0236917888782956
Phetchaburi Bangkawe,2024-02-01,RF,test,0.254125,0.2282950000000001,0.0258299999999999
Phetchaburi Bangkawe,2024-02-01,LSTM,test,0.254125,0.1905071288347244,0.0636178711652756
Phetchaburi Bangkawe,2024-03-01,SARIMA,test,0.13575,0.172835847976936,-0.037085847976936
Phetchaburi Bangkawe,2024-03-01,RF,test,0.13575,0.1426391250000001,-0.006889125
Phetchaburi Bangkawe,2024-03-01,LSTM,test,0.13575,0.1233057454228401,0.0124442545771598
Phetchaburi Bangkawe,2024-04-01,SARIMA,test,0.036775,0.089236035276033,-0.052461035276033
Phetchaburi Bangkawe,2024-04-01,RF,test,0.036775,0.0558160000000001,-0.0190410000000001
Phetchaburi Bangkawe,2024-04-01,LSTM,test,0.036775,0.0375643596053123,-0.0007893596053123
Phetchaburi Bangkawe,2024-05-01,SARIMA,test,0.05035,0.0100050528019742,0.0403449471980257
Phetchaburi Bangkawe,2024-05-01,RF,test,0.05035,-0.033553625,0.083903625
Phetchaburi Bangkawe,2024-05-01,LSTM,test,0.05035,-0.0485938154160976,0.0989438154160976
Phetchaburi Bangkawe,2024-06-01,SARIMA,test,-0.06715,-0.040110315098538,-0.0270396849014619
Phetchaburi Bangkawe,2024-06-01,RF,test,-0.06715,-0.070118375,0.002968375
Phetchaburi Bangkawe,2024-06-01,LSTM,test,-0.06715,-0.0865705385804176,0.0194205385804176
Phetchaburi Bangkawe,2024-07-01,SARIMA,test,-0.018225,-0.0609693050543227,0.0427443050543226
Phetchaburi Bangkawe,2024-07-01,RF,test,-0.018225,-0.095227,0.077002
Phetchaburi Bangkawe,2024-07-01,LSTM,test,-0.018225,-0.1015077754855156,0.0832827754855155
Phetchaburi Bangkawe,2024-08-01,SARIMA,test,0.00745,-0.0389642437181719,0.0464142437181719
Phetchaburi Bangkawe,2024-08-01,RF,test,0.00745,-0.0945022500000001,0.1019522500000001
Phetchaburi Bangkawe,2024-08-01,LSTM,test,0.00745,-0.0653353556990623,0.0727853556990623
Phetchaburi Bangkawe,2024-09-01,SARIMA,test,-0.065625,0.0003286668999172,-0.0659536668999172
Phetchaburi Bangkawe,2024-09-01,RF,test,-0.065625,0.0214913749999999,-0.0871163749999999
Phetchaburi Bangkawe,2024-09-01,LSTM,test,-0.065625,0.0067982650361955,-0.0724232650361955
Phetchaburi Bangkawe,2024-10-01,SARIMA,test,0.10855,0.10681275188054,0.0017372481194599
Phetchaburi Bangkawe,2024-10-01,RF,test,0.10855,0.068376375,0.0401736249999999
Phetchaburi Bangkawe,2024-10-01,LSTM,test,0.10855,0.0550052039325237,0.0535447960674762
Phetchaburi Bangkawe,2024-11-01,SARIMA,test,0.296525,0.2456491586556944,0.0508758413443056
Phetchaburi Bangkawe,2024-11-01,RF,test,0.296525,0.1953141249999999,0.1012108750000001
Phetchaburi Bangkawe,2024-11-01,LSTM,test,0.296525,0.1444707512855529,0.152054248714447
Phetchaburi Bangkawe,2024-12-01,SARIMA,test,0.29935,0.3138920484765806,-0.0145420484765806
Phetchaburi Bangkawe,2024-12-01,RF,test,0.29935,0.2740882500000003,0.0252617499999996
Phetchaburi Bangkawe,2024-12-01,LSTM,test,0.29935,0.2111144810914993,0.0882355189085006
