station,date,sla_m
Wat Khun Samut Chin,1993-01-01,0.119667
Wat Khun Samut Chin,1993-02-01,-0.021267
Wat Khun Samut Chin,1993-03-01,-0.0292
Wat Khun Samut Chin,1993-04-01,0.022033
Wat Khun Samut Chin,1993-05-01,-0.087933
Wat Khun Samut Chin,1993-06-01,-0.1946
Wat Khun Samut Chin,1993-07-01,-0.205267
Wat Khun Samut Chin,1993-08-01,-0.248333
Wat Khun Samut Chin,1993-09-01,-0.209
Wat Khun Samut Chin,1993-10-01,0.026967
Wat Khun Samut Chin,1993-11-01,0.0173
Wat Khun Samut Chin,1993-12-01,0.1381
Wat Khun Samut Chin,1994-01-01,0.167033
Wat Khun Samut Chin,1994-02-01,0.082367
Wat Khun Samut Chin,1994-03-01,0.1334
Wat Khun Samut Chin,1994-04-01,0.029333
Wat Khun Samut Chin,1994-05-01,-0.087967
Wat Khun Samut Chin,1994-06-01,-0.220067
Wat Khun Samut Chin,1994-07-01,-0.170267
Wat Khun Samut Chin,1994-08-01,-0.163367
Wat Khun Samut Chin,1994-09-01,-0.123767
Wat Khun Samut Chin,1994-10-01,0.056067
Wat Khun Samut Chin,1994-11-01,0.236
Wat Khun Samut Chin,1994-12-01,0.1979
Wat Khun Samut Chin,1995-01-01,0.2093
Wat Khun Samut Chin,1995-02-01,0.036467
Wat Khun Samut Chin,1995-03-01,0.001767
Wat Khun Samut Chin,1995-04-01,-0.048767
Wat Khun Samut Chin,1995-05-01,-0.072267
Wat Khun Samut Chin,1995-06-01,-0.218033
Wat Khun Samut Chin,1995-07-01,-0.164067
Wat Khun Samut Chin,1995-08-01,-0.199733
Wat Khun Samut Chin,1995-09-01,-0.1934
Wat Khun Samut Chin,1995-10-01,-0.073033
Wat Khun Samut Chin,1995-11-01,0.2118
Wat Khun Samut Chin,1995-12-01,0.2115
Wat Khun Samut Chin,1996-01-01,0.109533
Wat Khun Samut Chin,1996-02-01,0.1665
Wat Khun Samut Chin,1996-03-01,-0.047667
Wat Khun Samut Chin,1996-04-01,-0.039133
Wat Khun Samut Chin,1996-05-01,-0.083233
Wat Khun Samut Chin,1996-06-01,-0.155967
Wat Khun Samut Chin,1996-07-01,-0.192433
Wat Khun Samut Chin,1996-08-01,-0.164933
Wat Khun Samut Chin,1996-09-01,-0.169033
Wat Khun Samut Chin,1996-10-01,-0.052867
Wat Khun Samut Chin,1996-11-01,0.083633
Wat Khun Samut Chin,1996-12-01,0.1032
Wat Khun Samut Chin,1997-01-01,0.041867
Wat Khun Samut Chin,1997-02-01,0.0877
Wat Khun Samut Chin,1997-03-01,0.0862
Wat Khun Samut Chin,1997-04-01,-0.075133
Wat Khun Samut Chin,1997-05-01,-0.076633
Wat Khun Samut Chin,1997-06-01,-0.212533
Wat Khun Samut Chin,1997-07-01,-0.143033
Wat Khun Samut Chin,1997-08-01,-0.190067
Wat Khun Samut Chin,1997-09-01,-0.103733
Wat Khun Samut Chin,1997-10-01,-0.053733
Wat Khun Samut Chin,1997-11-01,0.0654
Wat Khun Samut Chin,1997-12-01,0.1868
Wat Khun Samut Chin,1998-01-01,0.1189
Wat Khun Samut Chin,1998-02-01,0.020767
Wat Khun Samut Chin,1998-03-01,0.1036
Wat Khun Samut Chin,1998-04-01,-0.031433
Wat Khun Samut Chin,1998-05-01,-0.0389
Wat Khun Samut Chin,1998-06-01,-0.1895
Wat Khun Samut Chin,1998-07-01,-0.234433
Wat Khun Samut Chin,1998-08-01,-0.127
Wat Khun Samut Chin,1998-09-01,-0.1615
Wat Khun Samut Chin,1998-10-01,-0.095667
Wat Khun Samut Chin,1998-11-01,-0.025
Wat Khun Samut Chin,1998-12-01,0.1445
Wat Khun Samut Chin,1999-01-01,0.152767
Wat Khun Samut Chin,1999-02-01,0.0534
Wat Khun Samut Chin,1999-03-01,0.0136
Wat Khun Samut Chin,1999-04-01,-0.047233
Wat Khun Samut Chin,1999-05-01,-0.117267
Wat Khun Samut Chin,1999-06-01,-0.1396
Wat Khun Samut Chin,1999-07-01,-0.219633
Wat Khun Samut Chin,1999-08-01,-0.186667
Wat Khun Samut Chin,1999-09-01,-0.1274
Wat Khun Samut Chin,1999-10-01,-0.010533
Wat Khun Samut Chin,1999-11-01,0.0633
Wat Khun Samut Chin,1999-12-01,0.0725
Wat Khun Samut Chin,2000-01-01,0.128533
Wat Khun Samut Chin,2000-02-01,0.0936
Wat Khun Samut Chin,2000-03-01,0.099567
Wat Khun Samut Chin,2000-04-01,-0.037067
Wat Khun Samut Chin,2000-05-01,-0.150467
Wat Khun Samut Chin,2000-06-01,-0.100933
Wat Khun Samut Chin,2000-07-01,-0.133
Wat Khun Samut Chin,2000-08-01,-0.195033
Wat Khun Samut Chin,2000-09-01,-0.085767
Wat Khun Samut Chin,2000-10-01,-0.0509
Wat Khun Samut Chin,2000-11-01,0.101133
Wat Khun Samut Chin,2000-12-01,0.1371
Wat Khun Samut Chin,2001-01-01,0.147067
Wat Khun Samut Chin,2001-02-01,0.182133
Wat Khun Samut Chin,2001-03-01,0.023033
Wat Khun Samut Chin,2001-04-01,-0.011333
Wat Khun Samut Chin,2001-05-01,-0.126833
Wat Khun Samut Chin,2001-06-01,-0.1368
Wat Khun Samut Chin,2001-07-01,-0.1466
Wat Khun Samut Chin,2001-08-01,-0.215233
Wat Khun Samut Chin,2001-09-01,-0.0771
Wat Khun Samut Chin,2001-10-01,-0.0281
Wat Khun Samut Chin,2001-11-01,0.136867
Wat Khun Samut Chin,2001-12-01,0.196233
Wat Khun Samut Chin,2002-01-01,0.186
Wat Khun Samut Chin,2002-02-01,0.1498
Wat Khun Samut Chin,2002-03-01,0.057
Wat Khun Samut Chin,2002-04-01,0.071967
Wat Khun Samut Chin,2002-05-01,-0.040333
Wat Khun Samut Chin,2002-06-01,-0.120867
Wat Khun Samut Chin,2002-07-01,-0.103
Wat Khun Samut Chin,2002-08-01,-0.2179
Wat Khun Samut Chin,2002-09-01,-0.141533
Wat Khun Samut Chin,2002-10-01,0.024933
Wat Khun Samut Chin,2002-11-01,0.090833
Wat Khun Samut Chin,2002-12-01,0.1281
Wat Khun Samut Chin,2003-01-01,0.197767
Wat Khun Samut Chin,2003-02-01,0.174967
Wat Khun Samut Chin,2003-03-01,0.131933
Wat Khun Samut Chin,2003-04-01,0.023867
Wat Khun Samut Chin,2003-05-01,-0.111133
Wat Khun Samut Chin,2003-06-01,-0.137233
Wat Khun Samut Chin,2003-07-01,-0.136067
Wat Khun Samut Chin,2003-08-01,-0.135867
Wat Khun Samut Chin,2003-09-01,-0.1007
Wat Khun Samut Chin,2003-10-01,0.001367
Wat Khun Samut Chin,2003-11-01,0.195933
Wat Khun Samut Chin,2003-12-01,0.337
Wat Khun Samut Chin,2004-01-01,0.172233
Wat Khun Samut Chin,2004-02-01,0.148867
Wat Khun Samut Chin,2004-03-01,0.039767
Wat Khun Samut Chin,2004-04-01,-0.0549
Wat Khun Samut Chin,2004-05-01,-0.082467
Wat Khun Samut Chin,2004-06-01,-0.137233
Wat Khun Samut Chin,2004-07-01,-0.118833
Wat Khun Samut Chin,2004-08-01,-0.179067
Wat Khun Samut Chin,2004-09-01,-0.091767
Wat Khun Samut Chin,2004-10-01,0.1394
Wat Khun Samut Chin,2004-11-01,0.1937
Wat Khun Samut Chin,2004-12-01,0.260667
Wat Khun Samut Chin,2005-01-01,0.212933
Wat Khun Samut Chin,2005-02-01,0.131133
Wat Khun Samut Chin,2005-03-01,0.118833
Wat Khun Samut Chin,2005-04-01,-0.0238
Wat Khun Samut Chin,2005-05-01,-0.124233
Wat Khun Samut Chin,2005-06-01,-0.172033
Wat Khun Samut Chin,2005-07-01,-0.2052
Wat Khun Samut Chin,2005-08-01,-0.1761
Wat Khun Samut Chin,2005-09-01,-0.199833
Wat Khun Samut Chin,2005-10-01,-0.036267
Wat Khun Samut Chin,2005-11-01,0.090367
Wat Khun Samut Chin,2005-12-01,0.129467
Wat Khun Samut Chin,2006-01-01,0.122567
Wat Khun Samut Chin,2006-02-01,0.160433
Wat Khun Samut Chin,2006-03-01,0.087733
Wat Khun Samut Chin,2006-04-01,-0.043367
Wat Khun Samut Chin,2006-05-01,-0.014967
Wat Khun Samut Chin,2006-06-01,-0.1377
Wat Khun Samut Chin,2006-07-01,-0.156367
Wat Khun Samut Chin,2006-08-01,-0.1322
Wat Khun Samut Chin,2006-09-01,-0.0816
Wat Khun Samut Chin,2006-10-01,0.061467
Wat Khun Samut Chin,2006-11-01,0.1671
Wat Khun Samut Chin,2006-12-01,0.234667
Wat Khun Samut Chin,2007-01-01,0.160767
Wat Khun Samut Chin,2007-02-01,-0.0601
Wat Khun Samut Chin,2007-03-01,0.054967
Wat Khun Samut Chin,2007-04-01,0.024067
Wat Khun Samut Chin,2007-05-01,-0.073533
Wat Khun Samut Chin,2007-06-01,-0.105733
Wat Khun Samut Chin,2007-07-01,-0.2405
Wat Khun Samut Chin,2007-08-01,-0.1507
Wat Khun Samut Chin,2007-09-01,-0.1433
Wat Khun Samut Chin,2007-10-01,0.010567
Wat Khun Samut Chin,2007-11-01,0.2321
Wat Khun Samut Chin,2007-12-01,0.184833
Wat Khun Samut Chin,2008-01-01,0.1816
Wat Khun Samut Chin,2008-02-01,0.2042
Wat Khun Samut Chin,2008-03-01,0.067833
Wat Khun Samut Chin,2008-04-01,0.000467
Wat Khun Samut Chin,2008-05-01,-0.0356
Wat Khun Samut Chin,2008-06-01,-0.127133
Wat Khun Samut Chin,2008-07-01,-0.144567
Wat Khun Samut Chin,2008-08-01,-0.118033
Wat Khun Samut Chin,2008-09-01,-0.077933
Wat Khun Samut Chin,2008-10-01,-0.034633
Wat Khun Samut Chin,2008-11-01,0.155533
Wat Khun Samut Chin,2008-12-01,0.2445
Wat Khun Samut Chin,2009-01-01,0.163433
Wat Khun Samut Chin,2009-02-01,0.061467
Wat Khun Samut Chin,2009-03-01,0.049467
Wat Khun Samut Chin,2009-04-01,-0.0208
Wat Khun Samut Chin,2009-05-01,-0.007367
Wat Khun Samut Chin,2009-06-01,0.008767
Wat Khun Samut Chin,2009-07-01,-0.136633
Wat Khun Samut Chin,2009-08-01,-0.1502
Wat Khun Samut Chin,2009-09-01,-0.1336
Wat Khun Samut Chin,2009-10-01,0.0645
Wat Khun Samut Chin,2009-11-01,0.2082
Wat Khun Samut Chin,2009-12-01,0.216633
Wat Khun Samut Chin,2010-01-01,0.1998
Wat Khun Samut Chin,2010-02-01,0.0368
Wat Khun Samut Chin,2010-03-01,0.058567
Wat Khun Samut Chin,2010-04-01,0.138867
Wat Khun Samut Chin,2010-05-01,-0.040367
Wat Khun Samut Chin,2010-06-01,-0.157333
Wat Khun Samut Chin,2010-07-01,-0.073633
Wat Khun Samut Chin,2010-08-01,-0.082967
Wat Khun Samut Chin,2010-09-01,-0.079933
Wat Khun Samut Chin,2010-10-01,0.0187
Wat Khun Samut Chin,2010-11-01,0.2175
Wat Khun Samut Chin,2010-12-01,0.2367
Wat Khun Samut Chin,2011-01-01,0.249933
Wat Khun Samut Chin,2011-02-01,0.224033
Wat Khun Samut Chin,2011-03-01,0.180633
Wat Khun Samut Chin,2011-04-01,0.073033
Wat Khun Samut Chin,2011-05-01,-0.091633
Wat Khun Samut Chin,2011-06-01,-0.143967
Wat Khun Samut Chin,2011-07-01,-0.125567
Wat Khun Samut Chin,2011-08-01,-0.0995
Wat Khun Samut Chin,2011-09-01,-0.147767
Wat Khun Samut Chin,2011-10-01,0.068
Wat Khun Samut Chin,2011-11-01,0.2181
Wat Khun Samut Chin,2011-12-01,0.309567
Wat Khun Samut Chin,2012-01-01,0.2244
Wat Khun Samut Chin,2012-02-01,0.171733
Wat Khun Samut Chin,2012-03-01,0.1171
Wat Khun Samut Chin,2012-04-01,0.043533
Wat Khun Samut Chin,2012-05-01,-0.143133
Wat Khun Samut Chin,2012-06-01,-0.156767
Wat Khun Samut Chin,2012-07-01,-0.095033
Wat Khun Samut Chin,2012-08-01,-0.084333
Wat Khun Samut Chin,2012-09-01,-0.0386
Wat Khun Samut Chin,2012-10-01,0.0766
Wat Khun Samut Chin,2012-11-01,0.1332
Wat Khun Samut Chin,2012-12-01,0.282167
Wat Khun Samut Chin,2013-01-01,0.380233
Wat Khun Samut Chin,2013-02-01,0.266867
Wat Khun Samut Chin,2013-03-01,0.132633
Wat Khun Samut Chin,2013-04-01,0.028933
Wat Khun Samut Chin,2013-05-01,-0.020567
Wat Khun Samut Chin,2013-06-01,-0.184967
Wat Khun Samut Chin,2013-07-01,-0.095633
Wat Khun Samut Chin,2013-08-01,-0.1086
Wat Khun Samut Chin,2013-09-01,-0.0552
Wat Khun Samut Chin,2013-10-01,0.1544
Wat Khun Samut Chin,2013-11-01,0.216867
Wat Khun Samut Chin,2013-12-01,0.258333
Wat Khun Samut Chin,2014-01-01,0.1814
Wat Khun Samut Chin,2014-02-01,0.3071
Wat Khun Samut Chin,2014-03-01,0.206433
Wat Khun Samut Chin,2014-04-01,0.036933
Wat Khun Samut Chin,2014-05-01,-0.0535
Wat Khun Samut Chin,2014-06-01,-0.177767
Wat Khun Samut Chin,2014-07-01,-0.135867
Wat Khun Samut Chin,2014-08-01,-0.0791
Wat Khun Samut Chin,2014-09-01,-0.094867
Wat Khun Samut Chin,2014-10-01,0.13
Wat Khun Samut Chin,2014-11-01,0.178067
Wat Khun Samut Chin,2014-12-01,0.3533
Wat Khun Samut Chin,2015-01-01,0.308833
Wat Khun Samut Chin,2015-02-01,0.1981
Wat Khun Samut Chin,2015-03-01,0.178133
Wat Khun Samut Chin,2015-04-01,0.079367
Wat Khun Samut Chin,2015-05-01,-0.043233
Wat Khun Samut Chin,2015-06-01,-0.149833
Wat Khun Samut Chin,2015-07-01,-0.119733
Wat Khun Samut Chin,2015-08-01,-0.125933
Wat Khun Samut Chin,2015-09-01,-0.070267
Wat Khun Samut Chin,2015-10-01,0.090133
Wat Khun Samut Chin,2015-11-01,0.216633
Wat Khun Samut Chin,2015-12-01,0.3194
Wat Khun Samut Chin,2016-01-01,0.340433
Wat Khun Samut Chin,2016-02-01,0.321167
Wat Khun Samut Chin,2016-03-01,0.255633
Wat Khun Samut Chin,2016-04-01,0.0715
Wat Khun Samut Chin,2016-05-01,0.025367
Wat Khun Samut Chin,2016-06-01,-0.091533
Wat Khun Samut Chin,2016-07-01,-0.069233
Wat Khun Samut Chin,2016-08-01,-0.1881
Wat Khun Samut Chin,2016-09-01,-0.159067
Wat Khun Samut Chin,2016-10-01,-0.039933
Wat Khun Samut Chin,2016-11-01,0.163267
Wat Khun Samut Chin,2016-12-01,0.216167
Wat Khun Samut Chin,2017-01-01,0.253933
Wat Khun Samut Chin,2017-02-01,0.2543
Wat Khun Samut Chin,2017-03-01,0.2508
Wat Khun Samut Chin,2017-04-01,0.1502
Wat Khun Samut Chin,2017-05-01,-0.033967
Wat Khun Samut Chin,2017-06-01,-0.137867
Wat Khun Samut Chin,2017-07-01,-0.0524
Wat Khun Samut Chin,2017-08-01,-0.031467
Wat Khun Samut Chin,2017-09-01,0.023967
Wat Khun Samut Chin,2017-10-01,0.078833
Wat Khun Samut Chin,2017-11-01,0.194967
Wat Khun Samut Chin,2017-12-01,0.2618
Wat Khun Samut Chin,2018-01-01,0.208433
Wat Khun Samut Chin,2018-02-01,0.104533
Wat Khun Samut Chin,2018-03-01,0.031067
Wat Khun Samut Chin,2018-04-01,0.03
Wat Khun Samut Chin,2018-05-01,-0.042533
Wat Khun Samut Chin,2018-06-01,-0.112867
Wat Khun Samut Chin,2018-07-01,-0.118
Wat Khun Samut Chin,2018-08-01,-0.051933
Wat Khun Samut Chin,2018-09-01,-0.059967
Wat Khun Samut Chin,2018-10-01,0.054967
Wat Khun Samut Chin,2018-11-01,0.186233
Wat Khun Samut Chin,2018-12-01,0.217867
Wat Khun Samut Chin,2019-01-01,0.259733
Wat Khun Samut Chin,2019-02-01,0.165367
Wat Khun Samut Chin,2019-03-01,0.1077
Wat Khun Samut Chin,2019-04-01,0.100833
Wat Khun Samut Chin,2019-05-01,0.0532
Wat Khun Samut Chin,2019-06-01,-0.009333
Wat Khun Samut Chin,2019-07-01,-0.0268
Wat Khun Samut Chin,2019-08-01,-0.111
Wat Khun Samut Chin,2019-09-01,-0.1346
Wat Khun Samut Chin,2019-10-01,0.100167
Wat Khun Samut Chin,2019-11-01,0.286333
Wat Khun Samut Chin,2019-12-01,0.321433
Wat Khun Samut Chin,2020-01-01,0.234867
Wat Khun Samut Chin,2020-02-01,0.267
Wat Khun Samut Chin,2020-03-01,0.148
Wat Khun Samut Chin,2020-04-01,0.150533
Wat Khun Samut Chin,2020-05-01,0.051467
Wat Khun Samut Chin,2020-06-01,-0.125667
Wat Khun Samut Chin,2020-07-01,-0.1644
Wat Khun Samut Chin,2020-08-01,-0.037367
Wat Khun Samut Chin,2020-09-01,-0.0061
Wat Khun Samut Chin,2020-10-01,0.079667
Wat Khun Samut Chin,2020-11-01,0.244367
Wat Khun Samut Chin,2020-12-01,0.299333
Wat Khun Samut Chin,2021-01-01,0.3216
Wat Khun Samut Chin,2021-02-01,0.164433
Wat Khun Samut Chin,2021-03-01,0.0461
Wat Khun Samut Chin,2021-04-01,0.0015
Wat Khun Samut Chin,2021-05-01,-0.026333
Wat Khun Samut Chin,2021-06-01,-0.085167
Wat Khun Samut Chin,2021-07-01,-0.061567
Wat Khun Samut Chin,2021-08-01,-0.056
Wat Khun Samut Chin,2021-09-01,-0.106667
Wat Khun Samut Chin,2021-10-01,-0.003333
Wat Khun Samut Chin,2021-11-01,0.222
Wat Khun Samut Chin,2021-12-01,0.255
Wat Khun Samut Chin,2022-01-01,0.225133
Wat Khun Samut Chin,2022-02-01,0.2518
Wat Khun Samut Chin,2022-03-01,0.108267
Wat Khun Samut Chin,2022-04-01,0.100267
Wat Khun Samut Chin,2022-05-01,0.0168
Wat Khun Samut Chin,2022-06-01,-0.003533
Wat Khun Samut Chin,2022-07-01,-0.004133
Wat Khun Samut Chin,2022-08-01,-0.031967
Wat Khun Samut Chin,2022-09-01,-0.0491
Wat Khun Samut Chin,2022-10-01,0.109633
Wat Khun Samut Chin,2022-11-01,0.254333
Wat Khun Samut Chin,2022-12-01,0.376467
Wat Khun Samut Chin,2023-01-01,0.2947
Wat Khun Samut Chin,2023-02-01,0.2848
Wat Khun Samut Chin,2023-03-01,0.221967
Wat Khun Samut Chin,2023-04-01,0.124333
Wat Khun Samut Chin,2023-05-01,0.093033
Wat Khun Samut Chin,2023-06-01,-0.050633
Wat Khun Samut Chin,2023-07-01,-0.1132
Wat Khun Samut Chin,2023-08-01,-0.161167
Wat Khun Samut Chin,2023-09-01,-0.028267
Wat Khun Samut Chin,2023-10-01,0.112967
Wat Khun Samut Chin,2023-11-01,0.278633
Wat Khun Samut Chin,2023-12-01,0.318767
Wat Khun Samut Chin,2024-01-01,0.322333
Wat Khun Samut Chin,2024-02-01,0.2817
Wat Khun Samut Chin,2024-03-01,0.1419
Wat Khun Samut Chin,2024-04-01,0.044567
Wat Khun Samut Chin,2024-05-01,0.0575
Wat Khun Samut Chin,2024-06-01,-0.085233
Wat Khun Samut Chin,2024-07-01,0.007367
Wat Khun Samut Chin,2024-08-01,0.021967
Wat Khun Samut Chin,2024-09-01,-0.0731
Wat Khun Samut Chin,2024-10-01,0.062133
Wat Khun Samut Chin,2024-11-01,0.289967
Wat Khun Samut Chin,2024-12-01,0.273267
Laem Chabang Port,1993-01-01,0.1438
Laem Chabang Port,1993-02-01,-0.006625
Laem Chabang Port,1993-03-01,-0.029575
Laem Chabang Port,1993-04-01,0.012625
Laem Chabang Port,1993-05-01,-0.08175
Laem Chabang Port,1993-06-01,-0.1987
Laem Chabang Port,1993-07-01,-0.216025
Laem Chabang Port,1993-08-01,-0.2298
Laem Chabang Port,1993-09-01,-0.193525
Laem Chabang Port,1993-10-01,0.03385
Laem Chabang Port,1993-11-01,0.027975
Laem Chabang Port,1993-12-01,0.161825
Laem Chabang Port,1994-01-01,0.1633
Laem Chabang Port,1994-02-01,0.07605
Laem Chabang Port,1994-03-01,0.13015
Laem Chabang Port,1994-04-01,0.000975
Laem Chabang Port,1994-05-01,-0.11725
Laem Chabang Port,1994-06-01,-0.226425
Laem Chabang Port,1994-07-01,-0.18775
Laem Chabang Port,1994-08-01,-0.161225
Laem Chabang Port,1994-09-01,-0.122875
Laem Chabang Port,1994-10-01,0.06295
Laem Chabang Port,1994-11-01,0.231575
Laem Chabang Port,1994-12-01,0.181125
Laem Chabang Port,1995-01-01,0.22665
Laem Chabang Port,1995-02-01,0.06345
Laem Chabang Port,1995-03-01,0.00505
Laem Chabang Port,1995-04-01,-0.04005
Laem Chabang Port,1995-05-01,-0.071625
Laem Chabang Port,1995-06-01,-0.21985
Laem Chabang Port,1995-07-01,-0.17195
Laem Chabang Port,1995-08-01,-0.187925
Laem Chabang Port,1995-09-01,-0.184775
Laem Chabang Port,1995-10-01,-0.089
Laem Chabang Port,1995-11-01,0.217375
Laem Chabang Port,1995-12-01,0.2223
Laem Chabang Port,1996-01-01,0.14535
Laem Chabang Port,1996-02-01,0.162525
Laem Chabang Port,1996-03-01,-0.034425
Laem Chabang Port,1996-04-01,-0.043575
Laem Chabang Port,1996-05-01,-0.0921
Laem Chabang Port,1996-06-01,-0.162625
Laem Chabang Port,1996-07-01,-0.195025
Laem Chabang Port,1996-08-01,-0.173625
Laem Chabang Port,1996-09-01,-0.12635
Laem Chabang Port,1996-10-01,-0.023225
Laem Chabang Port,1996-11-01,0.107375
Laem Chabang Port,1996-12-01,0.1094
Laem Chabang Port,1997-01-01,0.080975
Laem Chabang Port,1997-02-01,0.08855
Laem Chabang Port,1997-03-01,0.0739
Laem Chabang Port,1997-04-01,-0.0634
Laem Chabang Port,1997-05-01,-0.089825
Laem Chabang Port,1997-06-01,-0.20375
Laem Chabang Port,1997-07-01,-0.155775
Laem Chabang Port,1997-08-01,-0.1853
Laem Chabang Port,1997-09-01,-0.0875
Laem Chabang Port,1997-10-01,-0.037225
Laem Chabang Port,1997-11-01,0.085925
Laem Chabang Port,1997-12-01,0.188675
Laem Chabang Port,1998-01-01,0.128125
Laem Chabang Port,1998-02-01,0.0357
Laem Chabang Port,1998-03-01,0.076125
Laem Chabang Port,1998-04-01,-0.0379
Laem Chabang Port,1998-05-01,-0.03405
Laem Chabang Port,1998-06-01,-0.1806
Laem Chabang Port,1998-07-01,-0.209975
Laem Chabang Port,1998-08-01,-0.146725
Laem Chabang Port,1998-09-01,-0.16875
Laem Chabang Port,1998-10-01,-0.05005
Laem Chabang Port,1998-11-01,-0.013975
Laem Chabang Port,1998-12-01,0.1399
Laem Chabang Port,1999-01-01,0.143475
Laem Chabang Port,1999-02-01,0.054275
Laem Chabang Port,1999-03-01,-0.001425
Laem Chabang Port,1999-04-01,-0.05135
Laem Chabang Port,1999-05-01,-0.1329
Laem Chabang Port,1999-06-01,-0.1393
Laem Chabang Port,1999-07-01,-0.231125
Laem Chabang Port,1999-08-01,-0.188375
Laem Chabang Port,1999-09-01,-0.11635
Laem Chabang Port,1999-10-01,0.01705
Laem Chabang Port,1999-11-01,0.077825
Laem Chabang Port,1999-12-01,0.110325
Laem Chabang Port,2000-01-01,0.139
Laem Chabang Port,2000-02-01,0.099125
Laem Chabang Port,2000-03-01,0.088225
Laem Chabang Port,2000-04-01,-0.034275
Laem Chabang Port,2000-05-01,-0.153875
Laem Chabang Port,2000-06-01,-0.12215
Laem Chabang Port,2000-07-01,-0.141925
Laem Chabang Port,2000-08-01,-0.196225
Laem Chabang Port,2000-09-01,-0.08045
Laem Chabang Port,2000-10-01,-0.035975
Laem Chabang Port,2000-11-01,0.11765
Laem Chabang Port,2000-12-01,0.158625
Laem Chabang Port,2001-01-01,0.1515
Laem Chabang Port,2001-02-01,0.182875
Laem Chabang Port,2001-03-01,0.052725
Laem Chabang Port,2001-04-01,-0.0244
Laem Chabang Port,2001-05-01,-0.11995
Laem Chabang Port,2001-06-01,-0.17065
Laem Chabang Port,2001-07-01,-0.1281
Laem Chabang Port,2001-08-01,-0.206925
Laem Chabang Port,2001-09-01,-0.091475
Laem Chabang Port,2001-10-01,-0.024825
Laem Chabang Port,2001-11-01,0.19295
Laem Chabang Port,2001-12-01,0.175075
Laem Chabang Port,2002-01-01,0.18195
Laem Chabang Port,2002-02-01,0.144125
Laem Chabang Port,2002-03-01,0.050625
Laem Chabang Port,2002-04-01,0.05565
Laem Chabang Port,2002-05-01,-0.053825
Laem Chabang Port,2002-06-01,-0.124
Laem Chabang Port,2002-07-01,-0.091925
Laem Chabang Port,2002-08-01,-0.200625
Laem Chabang Port,2002-09-01,-0.137625
Laem Chabang Port,2002-10-01,0.03135
Laem Chabang Port,2002-11-01,0.097625
Laem Chabang Port,2002-12-01,0.13445
Laem Chabang Port,2003-01-01,0.2022
Laem Chabang Port,2003-02-01,0.1714
Laem Chabang Port,2003-03-01,0.1318
Laem Chabang Port,2003-04-01,0.00185
Laem Chabang Port,2003-05-01,-0.107775
Laem Chabang Port,2003-06-01,-0.162
Laem Chabang Port,2003-07-01,-0.150125
Laem Chabang Port,2003-08-01,-0.129975
Laem Chabang Port,2003-09-01,-0.085
Laem Chabang Port,2003-10-01,0.01755
Laem Chabang Port,2003-11-01,0.19745
Laem Chabang Port,2003-12-01,0.338975
Laem Chabang Port,2004-01-01,0.179
Laem Chabang Port,2004-02-01,0.14945
Laem Chabang Port,2004-03-01,0.039475
Laem Chabang Port,2004-04-01,-0.046
Laem Chabang Port,2004-05-01,-0.098
Laem Chabang Port,2004-06-01,-0.1489
Laem Chabang Port,2004-07-01,-0.147375
Laem Chabang Port,2004-08-01,-0.188875
Laem Chabang Port,2004-09-01,-0.065475
Laem Chabang Port,2004-10-01,0.16935
Laem Chabang Port,2004-11-01,0.2108
Laem Chabang Port,2004-12-01,0.26575
Laem Chabang Port,2005-01-01,0.2148
Laem Chabang Port,2005-02-01,0.118375
Laem Chabang Port,2005-03-01,0.118175
Laem Chabang Port,2005-04-01,-0.022975
Laem Chabang Port,2005-05-01,-0.132225
Laem Chabang Port,2005-06-01,-0.166575
Laem Chabang Port,2005-07-01,-0.210625
Laem Chabang Port,2005-08-01,-0.175425
Laem Chabang Port,2005-09-01,-0.19445
Laem Chabang Port,2005-10-01,-0.016325
Laem Chabang Port,2005-11-01,0.11175
Laem Chabang Port,2005-12-01,0.145225
Laem Chabang Port,2006-01-01,0.1286
Laem Chabang Port,2006-02-01,0.1648
Laem Chabang Port,2006-03-01,0.083775
Laem Chabang Port,2006-04-01,-0.02365
Laem Chabang Port,2006-05-01,-0.0416
Laem Chabang Port,2006-06-01,-0.142125
Laem Chabang Port,2006-07-01,-0.170975
Laem Chabang Port,2006-08-01,-0.1322
Laem Chabang Port,2006-09-01,-0.076925
Laem Chabang Port,2006-10-01,0.0609
Laem Chabang Port,2006-11-01,0.1728
Laem Chabang Port,2006-12-01,0.256375
Laem Chabang Port,2007-01-01,0.16355
Laem Chabang Port,2007-02-01,-0.04575
Laem Chabang Port,2007-03-01,0.054775
Laem Chabang Port,2007-04-01,0.03385
Laem Chabang Port,2007-05-01,-0.07815
Laem Chabang Port,2007-06-01,-0.125075
Laem Chabang Port,2007-07-01,-0.22855
Laem Chabang Port,2007-08-01,-0.167
Laem Chabang Port,2007-09-01,-0.136
Laem Chabang Port,2007-10-01,0.029825
Laem Chabang Port,2007-11-01,0.24095
Laem Chabang Port,2007-12-01,0.189475
Laem Chabang Port,2008-01-01,0.18705
Laem Chabang Port,2008-02-01,0.195375
Laem Chabang Port,2008-03-01,0.086675
Laem Chabang Port,2008-04-01,-0.000975
Laem Chabang Port,2008-05-01,-0.063475
Laem Chabang Port,2008-06-01,-0.133275
Laem Chabang Port,2008-07-01,-0.13215
Laem Chabang Port,2008-08-01,-0.12245
Laem Chabang Port,2008-09-01,-0.087075
Laem Chabang Port,2008-10-01,-0.01985
Laem Chabang Port,2008-11-01,0.200375
Laem Chabang Port,2008-12-01,0.25475
Laem Chabang Port,2009-01-01,0.1745
Laem Chabang Port,2009-02-01,0.04985
Laem Chabang Port,2009-03-01,0.044725
Laem Chabang Port,2009-04-01,-0.023275
Laem Chabang Port,2009-05-01,-0.001325
Laem Chabang Port,2009-06-01,-0.0493
Laem Chabang Port,2009-07-01,-0.131375
Laem Chabang Port,2009-08-01,-0.13925
Laem Chabang Port,2009-09-01,-0.129575
Laem Chabang Port,2009-10-01,0.076225
Laem Chabang Port,2009-11-01,0.2133
Laem Chabang Port,2009-12-01,0.223025
Laem Chabang Port,2010-01-01,0.195925
Laem Chabang Port,2010-02-01,0.0605
Laem Chabang Port,2010-03-01,0.062325
Laem Chabang Port,2010-04-01,0.113125
Laem Chabang Port,2010-05-01,-0.0418
Laem Chabang Port,2010-06-01,-0.164775
Laem Chabang Port,2010-07-01,-0.0817
Laem Chabang Port,2010-08-01,-0.088075
Laem Chabang Port,2010-09-01,-0.07025
Laem Chabang Port,2010-10-01,0.0332
Laem Chabang Port,2010-11-01,0.2211
Laem Chabang Port,2010-12-01,0.23435
Laem Chabang Port,2011-01-01,0.254225
Laem Chabang Port,2011-02-01,0.227325
Laem Chabang Port,2011-03-01,0.193225
Laem Chabang Port,2011-04-01,0.087875
Laem Chabang Port,2011-05-01,-0.091125
Laem Chabang Port,2011-06-01,-0.131575
Laem Chabang Port,2011-07-01,-0.107825
Laem Chabang Port,2011-08-01,-0.0974
Laem Chabang Port,2011-09-01,-0.128725
Laem Chabang Port,2011-10-01,0.097875
Laem Chabang Port,2011-11-01,0.216625
Laem Chabang Port,2011-12-01,0.29815
Laem Chabang Port,2012-01-01,0.2126
Laem Chabang Port,2012-02-01,0.169875
Laem Chabang Port,2012-03-01,0.099975
Laem Chabang Port,2012-04-01,0.01495
Laem Chabang Port,2012-05-01,-0.142275
Laem Chabang Port,2012-06-01,-0.166575
Laem Chabang Port,2012-07-01,-0.108025
Laem Chabang Port,2012-08-01,-0.081
Laem Chabang Port,2012-09-01,-0.047175
Laem Chabang Port,2012-10-01,0.103675
Laem Chabang Port,2012-11-01,0.1327
Laem Chabang Port,2012-12-01,0.297725
Laem Chabang Port,2013-01-01,0.382175
Laem Chabang Port,2013-02-01,0.2512
Laem Chabang Port,2013-03-01,0.142525
Laem Chabang Port,2013-04-01,0.0402
Laem Chabang Port,2013-05-01,-0.01215
Laem Chabang Port,2013-06-01,-0.171925
Laem Chabang Port,2013-07-01,-0.1029
Laem Chabang Port,2013-08-01,-0.1116
Laem Chabang Port,2013-09-01,-0.055775
Laem Chabang Port,2013-10-01,0.146925
Laem Chabang Port,2013-11-01,0.21185
Laem Chabang Port,2013-12-01,0.268575
Laem Chabang Port,2014-01-01,0.19415
Laem Chabang Port,2014-02-01,0.254325
Laem Chabang Port,2014-03-01,0.217425
Laem Chabang Port,2014-04-01,0.03945
Laem Chabang Port,2014-05-01,-0.04295
Laem Chabang Port,2014-06-01,-0.158575
Laem Chabang Port,2014-07-01,-0.13745
Laem Chabang Port,2014-08-01,-0.067575
Laem Chabang Port,2014-09-01,-0.097675
Laem Chabang Port,2014-10-01,0.121675
Laem Chabang Port,2014-11-01,0.17585
Laem Chabang Port,2014-12-01,0.345375
Laem Chabang Port,2015-01-01,0.308175
Laem Chabang Port,2015-02-01,0.2061
Laem Chabang Port,2015-03-01,0.1631
Laem Chabang Port,2015-04-01,0.092125
Laem Chabang Port,2015-05-01,-0.0498
Laem Chabang Port,2015-06-01,-0.137625
Laem Chabang Port,2015-07-01,-0.11925
Laem Chabang Port,2015-08-01,-0.11775
Laem Chabang Port,2015-09-01,-0.0658
Laem Chabang Port,2015-10-01,0.088475
Laem Chabang Port,2015-11-01,0.19355
Laem Chabang Port,2015-12-01,0.293975
Laem Chabang Port,2016-01-01,0.3367
Laem Chabang Port,2016-02-01,0.32735
Laem Chabang Port,2016-03-01,0.256875
Laem Chabang Port,2016-04-01,0.076825
Laem Chabang Port,2016-05-01,0.018175
Laem Chabang Port,2016-06-01,-0.103575
Laem Chabang Port,2016-07-01,-0.08465
Laem Chabang Port,2016-08-01,-0.189075
Laem Chabang Port,2016-09-01,-0.16595
Laem Chabang Port,2016-10-01,-0.03855
Laem Chabang Port,2016-11-01,0.184875
Laem Chabang Port,2016-12-01,0.2057
Laem Chabang Port,2017-01-01,0.2684
Laem Chabang Port,2017-02-01,0.244025
Laem Chabang Port,2017-03-01,0.2341
Laem Chabang Port,2017-04-01,0.1383
Laem Chabang Port,2017-05-01,-0.038875
Laem Chabang Port,2017-06-01,-0.148325
Laem Chabang Port,2017-07-01,-0.06865
Laem Chabang Port,2017-08-01,-0.0395
Laem Chabang Port,2017-09-01,0.019925
Laem Chabang Port,2017-10-01,0.086275
Laem Chabang Port,2017-11-01,0.208325
Laem Chabang Port,2017-12-01,0.271875
Laem Chabang Port,2018-01-01,0.2109
Laem Chabang Port,2018-02-01,0.111125
Laem Chabang Port,2018-03-01,0.029
Laem Chabang Port,2018-04-01,0.0378
Laem Chabang Port,2018-05-01,-0.037
Laem Chabang Port,2018-06-01,-0.1256
Laem Chabang Port,2018-07-01,-0.1249
Laem Chabang Port,2018-08-01,-0.07815
Laem Chabang Port,2018-09-01,-0.06805
Laem Chabang Port,2018-10-01,0.063775
Laem Chabang Port,2018-11-01,0.1968
Laem Chabang Port,2018-12-01,0.24
Laem Chabang Port,2019-01-01,0.2637
Laem Chabang Port,2019-02-01,0.159175
Laem Chabang Port,2019-03-01,0.106725
Laem Chabang Port,2019-04-01,0.0868
Laem Chabang Port,2019-05-01,0.039425
Laem Chabang Port,2019-06-01,-0.0349
Laem Chabang Port,2019-07-01,-0.068925
Laem Chabang Port,2019-08-01,-0.1179
Laem Chabang Port,2019-09-01,-0.105175
Laem Chabang Port,2019-10-01,0.113775
Laem Chabang Port,2019-11-01,0.287
Laem Chabang Port,2019-12-01,0.3024
Laem Chabang Port,2020-01-01,0.2351
Laem Chabang Port,2020-02-01,0.2811
Laem Chabang Port,2020-03-01,0.1314
Laem Chabang Port,2020-04-01,0.15805
Laem Chabang Port,2020-05-01,0.025875
Laem Chabang Port,2020-06-01,-0.110425
Laem Chabang Port,2020-07-01,-0.1525
Laem Chabang Port,2020-08-01,-0.048525
Laem Chabang Port,2020-09-01,0.004175
Laem Chabang Port,2020-10-01,0.0963
Laem Chabang Port,2020-11-01,0.254675
Laem Chabang Port,2020-12-01,0.288575
Laem Chabang Port,2021-01-01,0.317025
Laem Chabang Port,2021-02-01,0.165025
Laem Chabang Port,2021-03-01,0.0514
Laem Chabang Port,2021-04-01,0.01035
Laem Chabang Port,2021-05-01,-0.027725
Laem Chabang Port,2021-06-01,-0.0834
Laem Chabang Port,2021-07-01,-0.0824
Laem Chabang Port,2021-08-01,-0.063575
Laem Chabang Port,2021-09-01,-0.094275
Laem Chabang Port,2021-10-01,-0.000625
Laem Chabang Port,2021-11-01,0.2309
Laem Chabang Port,2021-12-01,0.26745
Laem Chabang Port,2022-01-01,0.2449
Laem Chabang Port,2022-02-01,0.260875
Laem Chabang Port,2022-03-01,0.112075
Laem Chabang Port,2022-04-01,0.0918
Laem Chabang Port,2022-05-01,-0.004525
Laem Chabang Port,2022-06-01,-0.029575
Laem Chabang Port,2022-07-01,-0.028775
Laem Chabang Port,2022-08-01,-0.05675
Laem Chabang Port,2022-09-01,-0.0519
Laem Chabang Port,2022-10-01,0.11645
Laem Chabang Port,2022-11-01,0.25565
Laem Chabang Port,2022-12-01,0.374375
Laem Chabang Port,2023-01-01,0.286675
Laem Chabang Port,2023-02-01,0.2906
Laem Chabang Port,2023-03-01,0.220775
Laem Chabang Port,2023-04-01,0.09775
Laem Chabang Port,2023-05-01,0.05215
Laem Chabang Port,2023-06-01,-0.083075
Laem Chabang Port,2023-07-01,-0.0933
Laem Chabang Port,2023-08-01,-0.1408
Laem Chabang Port,2023-09-01,-0.0249
Laem Chabang Port,2023-10-01,0.11085
Laem Chabang Port,2023-11-01,0.279175
Laem Chabang Port,2023-12-01,0.324325
Laem Chabang Port,2024-01-01,0.328525
Laem Chabang Port,2024-02-01,0.273875
Laem Chabang Port,2024-03-01,0.14135
Laem Chabang Port,2024-04-01,0.050425
Laem Chabang Port,2024-05-01,0.0665
Laem Chabang Port,2024-06-01,-0.08225
Laem Chabang Port,2024-07-01,-0.0163
Laem Chabang Port,2024-08-01,0.006475
Laem Chabang Port,2024-09-01,-0.090025
Laem Chabang Port,2024-10-01,0.0873
Laem Chabang Port,2024-11-01,0.30075
Laem Chabang Port,2024-12-01,0.301225
Upper Gulf Offshore,1993-01-01,0.138978
Upper Gulf Offshore,1993-02-01,0.003711
Upper Gulf Offshore,1993-03-01,-0.031444
Upper Gulf Offshore,1993-04-01,0.005256
Upper Gulf Offshore,1993-05-01,-0.0941
Upper Gulf Offshore,1993-06-01,-0.196667
Upper Gulf Offshore,1993-07-01,-0.219122
Upper Gulf Offshore,1993-08-01,-0.235767
Upper Gulf Offshore,1993-09-01,-0.195844
Upper Gulf Offshore,1993-10-01,0.042
Upper Gulf Offshore,1993-11-01,-0.015489
Upper Gulf Offshore,1993-12-01,0.176411
Upper Gulf Offshore,1994-01-01,0.147978
Upper Gulf Offshore,1994-02-01,0.060511
Upper Gulf Offshore,1994-03-01,0.115211
Upper Gulf Offshore,1994-04-01,-0.011233
Upper Gulf Offshore,1994-05-01,-0.117978
Upper Gulf Offshore,1994-06-01,-0.206433
Upper Gulf Offshore,1994-07-01,-0.212156
Upper Gulf Offshore,1994-08-01,-0.173411
Upper Gulf Offshore,1994-09-01,-0.1447
Upper Gulf Offshore,1994-10-01,0.054278
Upper Gulf Offshore,1994-11-01,0.225733
Upper Gulf Offshore,1994-12-01,0.178556
Upper Gulf Offshore,1995-01-01,0.210367
Upper Gulf Offshore,1995-02-01,0.099189
Upper Gulf Offshore,1995-03-01,0.020156
Upper Gulf Offshore,1995-04-01,-0.022344
Upper Gulf Offshore,1995-05-01,-0.077867
Upper Gulf Offshore,1995-06-01,-0.213967
Upper Gulf Offshore,1995-07-01,-0.197433
Upper Gulf Offshore,1995-08-01,-0.199211
Upper Gulf Offshore,1995-09-01,-0.183767
Upper Gulf Offshore,1995-10-01,-0.0671
Upper Gulf Offshore,1995-11-01,0.229222
Upper Gulf Offshore,1995-12-01,0.213056
Upper Gulf Offshore,1996-01-01,0.140411
Upper Gulf Offshore,1996-02-01,0.211611
Upper Gulf Offshore,1996-03-01,-0.000611
Upper Gulf Offshore,1996-04-01,-0.036833
Upper Gulf Offshore,1996-05-01,-0.092167
Upper Gulf Offshore,1996-06-01,-0.1616
Upper Gulf Offshore,1996-07-01,-0.213822
Upper Gulf Offshore,1996-08-01,-0.201233
Upper Gulf Offshore,1996-09-01,-0.137078
Upper Gulf Offshore,1996-10-01,-0.002767
Upper Gulf Offshore,1996-11-01,0.102689
Upper Gulf Offshore,1996-12-01,0.1221
Upper Gulf Offshore,1997-01-01,0.094778
Upper Gulf Offshore,1997-02-01,0.1025
Upper Gulf Offshore,1997-03-01,0.050322
Upper Gulf Offshore,1997-04-01,-0.053778
Upper Gulf Offshore,1997-05-01,-0.093078
Upper Gulf Offshore,1997-06-01,-0.212044
Upper Gulf Offshore,1997-07-01,-0.166133
Upper Gulf Offshore,1997-08-01,-0.185789
Upper Gulf Offshore,1997-09-01,-0.095967
Upper Gulf Offshore,1997-10-01,-0.019333
Upper Gulf Offshore,1997-11-01,0.0881
Upper Gulf Offshore,1997-12-01,0.180956
Upper Gulf Offshore,1998-01-01,0.133689
Upper Gulf Offshore,1998-02-01,0.049256
Upper Gulf Offshore,1998-03-01,0.098478
Upper Gulf Offshore,1998-04-01,-0.050033
Upper Gulf Offshore,1998-05-01,-0.0054
Upper Gulf Offshore,1998-06-01,-0.194422
Upper Gulf Offshore,1998-07-01,-0.196378
Upper Gulf Offshore,1998-08-01,-0.144878
Upper Gulf Offshore,1998-09-01,-0.153378
Upper Gulf Offshore,1998-10-01,-0.053022
Upper Gulf Offshore,1998-11-01,0.013811
Upper Gulf Offshore,1998-12-01,0.141867
Upper Gulf Offshore,1999-01-01,0.149278
Upper Gulf Offshore,1999-02-01,0.063844
Upper Gulf Offshore,1999-03-01,-0.001633
Upper Gulf Offshore,1999-04-01,-0.062933
Upper Gulf Offshore,1999-05-01,-0.124722
Upper Gulf Offshore,1999-06-01,-0.149578
Upper Gulf Offshore,1999-07-01,-0.215189
Upper Gulf Offshore,1999-08-01,-0.180889
Upper Gulf Offshore,1999-09-01,-0.112089
Upper Gulf Offshore,1999-10-01,0.057156
Upper Gulf Offshore,1999-11-01,0.100311
Upper Gulf Offshore,1999-12-01,0.157611
Upper Gulf Offshore,2000-01-01,0.182322
Upper Gulf Offshore,2000-02-01,0.129933
Upper Gulf Offshore,2000-03-01,0.091822
Upper Gulf Offshore,2000-04-01,-0.038044
Upper Gulf Offshore,2000-05-01,-0.140422
Upper Gulf Offshore,2000-06-01,-0.114044
Upper Gulf Offshore,2000-07-01,-0.160311
Upper Gulf Offshore,2000-08-01,-0.201711
Upper Gulf Offshore,2000-09-01,-0.082233
Upper Gulf Offshore,2000-10-01,-0.0344
Upper Gulf Offshore,2000-11-01,0.136278
Upper Gulf Offshore,2000-12-01,0.147533
Upper Gulf Offshore,2001-01-01,0.143456
Upper Gulf Offshore,2001-02-01,0.171389
Upper Gulf Offshore,2001-03-01,0.068122
Upper Gulf Offshore,2001-04-01,-0.003489
Upper Gulf Offshore,2001-05-01,-0.123
Upper Gulf Offshore,2001-06-01,-0.169811
Upper Gulf Offshore,2001-07-01,-0.145944
Upper Gulf Offshore,2001-08-01,-0.190511
Upper Gulf Offshore,2001-09-01,-0.081878
Upper Gulf Offshore,2001-10-01,0.0114
Upper Gulf Offshore,2001-11-01,0.205544
Upper Gulf Offshore,2001-12-01,0.200367
Upper Gulf Offshore,2002-01-01,0.174344
Upper Gulf Offshore,2002-02-01,0.155722
Upper Gulf Offshore,2002-03-01,0.067744
Upper Gulf Offshore,2002-04-01,0.075378
Upper Gulf Offshore,2002-05-01,-0.060856
Upper Gulf Offshore,2002-06-01,-0.130611
Upper Gulf Offshore,2002-07-01,-0.116178
Upper Gulf Offshore,2002-08-01,-0.216756
Upper Gulf Offshore,2002-09-01,-0.146444
Upper Gulf Offshore,2002-10-01,0.050967
Upper Gulf Offshore,2002-11-01,0.1122
Upper Gulf Offshore,2002-12-01,0.150922
Upper Gulf Offshore,2003-01-01,0.205489
Upper Gulf Offshore,2003-02-01,0.180033
Upper Gulf Offshore,2003-03-01,0.136633
Upper Gulf Offshore,2003-04-01,0.007867
Upper Gulf Offshore,2003-05-01,-0.105867
Upper Gulf Offshore,2003-06-01,-0.129889
Upper Gulf Offshore,2003-07-01,-0.147489
Upper Gulf Offshore,2003-08-01,-0.143233
Upper Gulf Offshore,2003-09-01,-0.089111
Upper Gulf Offshore,2003-10-01,0.050856
Upper Gulf Offshore,2003-11-01,0.206556
Upper Gulf Offshore,2003-12-01,0.325944
Upper Gulf Offshore,2004-01-01,0.170967
Upper Gulf Offshore,2004-02-01,0.176378
Upper Gulf Offshore,2004-03-01,0.058156
Upper Gulf Offshore,2004-04-01,-0.029122
Upper Gulf Offshore,2004-05-01,-0.087122
Upper Gulf Offshore,2004-06-01,-0.156289
Upper Gulf Offshore,2004-07-01,-0.133678
Upper Gulf Offshore,2004-08-01,-0.171611
Upper Gulf Offshore,2004-09-01,-0.0855
Upper Gulf Offshore,2004-10-01,0.183311
Upper Gulf Offshore,2004-11-01,0.210289
Upper Gulf Offshore,2004-12-01,0.258989
Upper Gulf Offshore,2005-01-01,0.1943
Upper Gulf Offshore,2005-02-01,0.112289
Upper Gulf Offshore,2005-03-01,0.146611
Upper Gulf Offshore,2005-04-01,-0.026022
Upper Gulf Offshore,2005-05-01,-0.138456
Upper Gulf Offshore,2005-06-01,-0.166422
Upper Gulf Offshore,2005-07-01,-0.2058
Upper Gulf Offshore,2005-08-01,-0.188222
Upper Gulf Offshore,2005-09-01,-0.178967
Upper Gulf Offshore,2005-10-01,0.000489
Upper Gulf Offshore,2005-11-01,0.115056
Upper Gulf Offshore,2005-12-01,0.159967
Upper Gulf Offshore,2006-01-01,0.135067
Upper Gulf Offshore,2006-02-01,0.175689
Upper Gulf Offshore,2006-03-01,0.091978
Upper Gulf Offshore,2006-04-01,-0.015056
Upper Gulf Offshore,2006-05-01,-0.043556
Upper Gulf Offshore,2006-06-01,-0.163967
Upper Gulf Offshore,2006-07-01,-0.1736
Upper Gulf Offshore,2006-08-01,-0.1404
Upper Gulf Offshore,2006-09-01,-0.085867
Upper Gulf Offshore,2006-10-01,0.047289
Upper Gulf Offshore,2006-11-01,0.160389
Upper Gulf Offshore,2006-12-01,0.263544
Upper Gulf Offshore,2007-01-01,0.200244
Upper Gulf Offshore,2007-02-01,-0.004944
Upper Gulf Offshore,2007-03-01,0.072311
Upper Gulf Offshore,2007-04-01,0.053533
Upper Gulf Offshore,2007-05-01,-0.062178
Upper Gulf Offshore,2007-06-01,-0.136211
Upper Gulf Offshore,2007-07-01,-0.210044
Upper Gulf Offshore,2007-08-01,-0.184089
Upper Gulf Offshore,2007-09-01,-0.135333
Upper Gulf Offshore,2007-10-01,0.009022
Upper Gulf Offshore,2007-11-01,0.244511
Upper Gulf Offshore,2007-12-01,0.187367
Upper Gulf Offshore,2008-01-01,0.193589
Upper Gulf Offshore,2008-02-01,0.196533
Upper Gulf Offshore,2008-03-01,0.090133
Upper Gulf Offshore,2008-04-01,0.0039
Upper Gulf Offshore,2008-05-01,-0.060533
Upper Gulf Offshore,2008-06-01,-0.147011
Upper Gulf Offshore,2008-07-01,-0.121989
Upper Gulf Offshore,2008-08-01,-0.114122
Upper Gulf Offshore,2008-09-01,-0.114167
Upper Gulf Offshore,2008-10-01,-0.041289
Upper Gulf Offshore,2008-11-01,0.201678
Upper Gulf Offshore,2008-12-01,0.252333
Upper Gulf Offshore,2009-01-01,0.2067
Upper Gulf Offshore,2009-02-01,0.071278
Upper Gulf Offshore,2009-03-01,0.055556
Upper Gulf Offshore,2009-04-01,-0.026822
Upper Gulf Offshore,2009-05-01,-0.003233
Upper Gulf Offshore,2009-06-01,-0.052644
Upper Gulf Offshore,2009-07-01,-0.137278
Upper Gulf Offshore,2009-08-01,-0.133489
Upper Gulf Offshore,2009-09-01,-0.128133
Upper Gulf Offshore,2009-10-01,0.070833
Upper Gulf Offshore,2009-11-01,0.219556
Upper Gulf Offshore,2009-12-01,0.229544
Upper Gulf Offshore,2010-01-01,0.218111
Upper Gulf Offshore,2010-02-01,0.092267
Upper Gulf Offshore,2010-03-01,0.080356
Upper Gulf Offshore,2010-04-01,0.115511
Upper Gulf Offshore,2010-05-01,-0.029522
Upper Gulf Offshore,2010-06-01,-0.149678
Upper Gulf Offshore,2010-07-01,-0.0706
Upper Gulf Offshore,2010-08-01,-0.093789
Upper Gulf Offshore,2010-09-01,-0.058022
Upper Gulf Offshore,2010-10-01,0.064867
Upper Gulf Offshore,2010-11-01,0.229844
Upper Gulf Offshore,2010-12-01,0.246489
Upper Gulf Offshore,2011-01-01,0.2561
Upper Gulf Offshore,2011-02-01,0.212944
Upper Gulf Offshore,2011-03-01,0.190511
Upper Gulf Offshore,2011-04-01,0.091533
Upper Gulf Offshore,2011-05-01,-0.093144
Upper Gulf Offshore,2011-06-01,-0.1588
Upper Gulf Offshore,2011-07-01,-0.137611
Upper Gulf Offshore,2011-08-01,-0.116622
Upper Gulf Offshore,2011-09-01,-0.157356
Upper Gulf Offshore,2011-10-01,0.102167
Upper Gulf Offshore,2011-11-01,0.210311
Upper Gulf Offshore,2011-12-01,0.309267
Upper Gulf Offshore,2012-01-01,0.197156
Upper Gulf Offshore,2012-02-01,0.165556
Upper Gulf Offshore,2012-03-01,0.111622
Upper Gulf Offshore,2012-04-01,0.0062
Upper Gulf Offshore,2012-05-01,-0.136844
Upper Gulf Offshore,2012-06-01,-0.171589
Upper Gulf Offshore,2012-07-01,-0.122522
Upper Gulf Offshore,2012-08-01,-0.088089
Upper Gulf Offshore,2012-09-01,-0.045922
Upper Gulf Offshore,2012-10-01,0.132444
Upper Gulf Offshore,2012-11-01,0.184211
Upper Gulf Offshore,2012-12-01,0.324144
Upper Gulf Offshore,2013-01-01,0.373122
Upper Gulf Offshore,2013-02-01,0.261356
Upper Gulf Offshore,2013-03-01,0.160511
Upper Gulf Offshore,2013-04-01,0.052711
Upper Gulf Offshore,2013-05-01,-0.019133
Upper Gulf Offshore,2013-06-01,-0.177733
Upper Gulf Offshore,2013-07-01,-0.103033
Upper Gulf Offshore,2013-08-01,-0.115422
Upper Gulf Offshore,2013-09-01,-0.043067
Upper Gulf Offshore,2013-10-01,0.177533
Upper Gulf Offshore,2013-11-01,0.2374
Upper Gulf Offshore,2013-12-01,0.2869
Upper Gulf Offshore,2014-01-01,0.213778
Upper Gulf Offshore,2014-02-01,0.245978
Upper Gulf Offshore,2014-03-01,0.1979
Upper Gulf Offshore,2014-04-01,0.049589
Upper Gulf Offshore,2014-05-01,-0.046356
Upper Gulf Offshore,2014-06-01,-0.158822
Upper Gulf Offshore,2014-07-01,-0.153211
Upper Gulf Offshore,2014-08-01,-0.085567
Upper Gulf Offshore,2014-09-01,-0.105767
Upper Gulf Offshore,2014-10-01,0.127089
Upper Gulf Offshore,2014-11-01,0.200578
Upper Gulf Offshore,2014-12-01,0.344944
Upper Gulf Offshore,2015-01-01,0.296922
Upper Gulf Offshore,2015-02-01,0.209333
Upper Gulf Offshore,2015-03-01,0.151211
Upper Gulf Offshore,2015-04-01,0.0846
Upper Gulf Offshore,2015-05-01,-0.061667
Upper Gulf Offshore,2015-06-01,-0.155467
Upper Gulf Offshore,2015-07-01,-0.131222
Upper Gulf Offshore,2015-08-01,-0.133333
Upper Gulf Offshore,2015-09-01,-0.078911
Upper Gulf Offshore,2015-10-01,0.101533
Upper Gulf Offshore,2015-11-01,0.232778
Upper Gulf Offshore,2015-12-01,0.321889
Upper Gulf Offshore,2016-01-01,0.346956
Upper Gulf Offshore,2016-02-01,0.337567
Upper Gulf Offshore,2016-03-01,0.238322
Upper Gulf Offshore,2016-04-01,0.059011
Upper Gulf Offshore,2016-05-01,0.012833
Upper Gulf Offshore,2016-06-01,-0.123133
Upper Gulf Offshore,2016-07-01,-0.079656
Upper Gulf Offshore,2016-08-01,-0.176922
Upper Gulf Offshore,2016-09-01,-0.154967
Upper Gulf Offshore,2016-10-01,-0.0313
Upper Gulf Offshore,2016-11-01,0.191633
Upper Gulf Offshore,2016-12-01,0.227311
Upper Gulf Offshore,2017-01-01,0.290489
Upper Gulf Offshore,2017-02-01,0.258944
Upper Gulf Offshore,2017-03-01,0.218578
Upper Gulf Offshore,2017-04-01,0.1199
Upper Gulf Offshore,2017-05-01,-0.0329
Upper Gulf Offshore,2017-06-01,-0.144278
Upper Gulf Offshore,2017-07-01,-0.0937
Upper Gulf Offshore,2017-08-01,-0.0454
Upper Gulf Offshore,2017-09-01,0.008856
Upper Gulf Offshore,2017-10-01,0.078822
Upper Gulf Offshore,2017-11-01,0.208489
Upper Gulf Offshore,2017-12-01,0.292433
Upper Gulf Offshore,2018-01-01,0.219622
Upper Gulf Offshore,2018-02-01,0.137578
Upper Gulf Offshore,2018-03-01,0.052667
Upper Gulf Offshore,2018-04-01,0.041378
Upper Gulf Offshore,2018-05-01,-0.040156
Upper Gulf Offshore,2018-06-01,-0.134622
Upper Gulf Offshore,2018-07-01,-0.1398
Upper Gulf Offshore,2018-08-01,-0.104489
Upper Gulf Offshore,2018-09-01,-0.063578
Upper Gulf Offshore,2018-10-01,0.098111
Upper Gulf Offshore,2018-11-01,0.212522
Upper Gulf Offshore,2018-12-01,0.241656
Upper Gulf Offshore,2019-01-01,0.275311
Upper Gulf Offshore,2019-02-01,0.180144
Upper Gulf Offshore,2019-03-01,0.114256
Upper Gulf Offshore,2019-04-01,0.091633
Upper Gulf Offshore,2019-05-01,0.038922
Upper Gulf Offshore,2019-06-01,-0.041233
Upper Gulf Offshore,2019-07-01,-0.0913
Upper Gulf Offshore,2019-08-01,-0.134778
Upper Gulf Offshore,2019-09-01,-0.085222
Upper Gulf Offshore,2019-10-01,0.136256
Upper Gulf Offshore,2019-11-01,0.288856
Upper Gulf Offshore,2019-12-01,0.3104
Upper Gulf Offshore,2020-01-01,0.230844
Upper Gulf Offshore,2020-02-01,0.286611
Upper Gulf Offshore,2020-03-01,0.117878
Upper Gulf Offshore,2020-04-01,0.165789
Upper Gulf Offshore,2020-05-01,0.026122
Upper Gulf Offshore,2020-06-01,-0.101756
Upper Gulf Offshore,2020-07-01,-0.129322
Upper Gulf Offshore,2020-08-01,-0.053222
Upper Gulf Offshore,2020-09-01,-0.008156
Upper Gulf Offshore,2020-10-01,0.096022
Upper Gulf Offshore,2020-11-01,0.264911
Upper Gulf Offshore,2020-12-01,0.285744
Upper Gulf Offshore,2021-01-01,0.317078
Upper Gulf Offshore,2021-02-01,0.1674
Upper Gulf Offshore,2021-03-01,0.074833
Upper Gulf Offshore,2021-04-01,0.015822
Upper Gulf Offshore,2021-05-01,-0.033967
Upper Gulf Offshore,2021-06-01,-0.085378
Upper Gulf Offshore,2021-07-01,-0.0856
Upper Gulf Offshore,2021-08-01,-0.072
Upper Gulf Offshore,2021-09-01,-0.085144
Upper Gulf Offshore,2021-10-01,0.015444
Upper Gulf Offshore,2021-11-01,0.236122
Upper Gulf Offshore,2021-12-01,0.308489
Upper Gulf Offshore,2022-01-01,0.257544
Upper Gulf Offshore,2022-02-01,0.278244
Upper Gulf Offshore,2022-03-01,0.132922
Upper Gulf Offshore,2022-04-01,0.118011
Upper Gulf Offshore,2022-05-01,0.0073
Upper Gulf Offshore,2022-06-01,-0.049578
Upper Gulf Offshore,2022-07-01,-0.0407
Upper Gulf Offshore,2022-08-01,-0.051689
Upper Gulf Offshore,2022-09-01,-0.0287
Upper Gulf Offshore,2022-10-01,0.155311
Upper Gulf Offshore,2022-11-01,0.258422
Upper Gulf Offshore,2022-12-01,0.391744
Upper Gulf Offshore,2023-01-01,0.292689
Upper Gulf Offshore,2023-02-01,0.292956
Upper Gulf Offshore,2023-03-01,0.2264
Upper Gulf Offshore,2023-04-01,0.0862
Upper Gulf Offshore,2023-05-01,0.0387
Upper Gulf Offshore,2023-06-01,-0.097022
Upper Gulf Offshore,2023-07-01,-0.101622
Upper Gulf Offshore,2023-08-01,-0.142156
Upper Gulf Offshore,2023-09-01,-0.023256
Upper Gulf Offshore,2023-10-01,0.095578
Upper Gulf Offshore,2023-11-01,0.268156
Upper Gulf Offshore,2023-12-01,0.3261
Upper Gulf Offshore,2024-01-01,0.314622
Upper Gulf Offshore,2024-02-01,0.271578
Upper Gulf Offshore,2024-03-01,0.139544
Upper Gulf Offshore,2024-04-01,0.031022
Upper Gulf Offshore,2024-05-01,0.041722
Upper Gulf Offshore,2024-06-01,-0.092811
Upper Gulf Offshore,2024-07-01,-0.042222
Upper Gulf Offshore,2024-08-01,-0.009711
Upper Gulf Offshore,2024-09-01,-0.099767
Upper Gulf Offshore,2024-10-01,0.103889
Upper Gulf Offshore,2024-11-01,0.311578
Upper Gulf Offshore,2024-12-01,0.315089
Phetchaburi Bangkawe,1993-01-01,0.117475
Phetchaburi Bangkawe,1993-02-01,-0.014025
Phetchaburi Bangkawe,1993-03-01,-0.036375
Phetchaburi Bangkawe,1993-04-01,-0.001325
Phetchaburi Bangkawe,1993-05-01,-0.091975
Phetchaburi Bangkawe,1993-06-01,-0.182125
Phetchaburi Bangkawe,1993-07-01,-0.1987
Phetchaburi Bangkawe,1993-08-01,-0.21095
Phetchaburi Bangkawe,1993-09-01,-0.18435
Phetchaburi Bangkawe,1993-10-01,0.03755
Phetchaburi Bangkawe,1993-11-01,-0.002925
Phetchaburi Bangkawe,1993-12-01,0.154975
Phetchaburi Bangkawe,1994-01-01,0.13965
Phetchaburi Bangkawe,1994-02-01,0.0534
Phetchaburi Bangkawe,1994-03-01,0.1029
Phetchaburi Bangkawe,1994-04-01,0.0051
Phetchaburi Bangkawe,1994-05-01,-0.094875
Phetchaburi Bangkawe,1994-06-01,-0.1828
Phetchaburi Bangkawe,1994-07-01,-0.186925
Phetchaburi Bangkawe,1994-08-01,-0.154825
Phetchaburi Bangkawe,1994-09-01,-0.129575
Phetchaburi Bangkawe,1994-10-01,0.051325
Phetchaburi Bangkawe,1994-11-01,0.207075
Phetchaburi Bangkawe,1994-12-01,0.1663
Phetchaburi Bangkawe,1995-01-01,0.1835
Phetchaburi Bangkawe,1995-02-01,0.07015
Phetchaburi Bangkawe,1995-03-01,0.0097
Phetchaburi Bangkawe,1995-04-01,-0.02775
Phetchaburi Bangkawe,1995-05-01,-0.07395
Phetchaburi Bangkawe,1995-06-01,-0.192125
Phetchaburi Bangkawe,1995-07-01,-0.167525
Phetchaburi Bangkawe,1995-08-01,-0.177325
Phetchaburi Bangkawe,1995-09-01,-0.17045
Phetchaburi Bangkawe,1995-10-01,-0.052175
Phetchaburi Bangkawe,1995-11-01,0.214575
Phetchaburi Bangkawe,1995-12-01,0.193825
Phetchaburi Bangkawe,1996-01-01,0.11675
Phetchaburi Bangkawe,1996-02-01,0.181925
Phetchaburi Bangkawe,1996-03-01,-0.015975
Phetchaburi Bangkawe,1996-04-01,-0.0297
Phetchaburi Bangkawe,1996-05-01,-0.07345
Phetchaburi Bangkawe,1996-06-01,-0.140325
Phetchaburi Bangkawe,1996-07-01,-0.203375
Phetchaburi Bangkawe,1996-08-01,-0.172425
Phetchaburi Bangkawe,1996-09-01,-0.12845
Phetchaburi Bangkawe,1996-10-01,-0.0039
Phetchaburi Bangkawe,1996-11-01,0.095725
Phetchaburi Bangkawe,1996-12-01,0.1161
Phetchaburi Bangkawe,1997-01-01,0.074925
Phetchaburi Bangkawe,1997-02-01,0.08655
Phetchaburi Bangkawe,1997-03-01,0.048425
Phetchaburi Bangkawe,1997-04-01,-0.057475
Phetchaburi Bangkawe,1997-05-01,-0.07985
Phetchaburi Bangkawe,1997-06-01,-0.19
Phetchaburi Bangkawe,1997-07-01,-0.14635
Phetchaburi Bangkawe,1997-08-01,-0.167075
Phetchaburi Bangkawe,1997-09-01,-0.089475
Phetchaburi Bangkawe,1997-10-01,-0.029825
Phetchaburi Bangkawe,1997-11-01,0.064875
Phetchaburi Bangkawe,1997-12-01,0.152475
Phetchaburi Bangkawe,1998-01-01,0.107075
Phetchaburi Bangkawe,1998-02-01,0.03165
Phetchaburi Bangkawe,1998-03-01,0.080925
Phetchaburi Bangkawe,1998-04-01,-0.047925
Phetchaburi Bangkawe,1998-05-01,-0.008575
Phetchaburi Bangkawe,1998-06-01,-0.17165
Phetchaburi Bangkawe,1998-07-01,-0.1817
Phetchaburi Bangkawe,1998-08-01,-0.12395
Phetchaburi Bangkawe,1998-09-01,-0.1328
Phetchaburi Bangkawe,1998-10-01,-0.05285
Phetchaburi Bangkawe,1998-11-01,0.02325
Phetchaburi Bangkawe,1998-12-01,0.1353
Phetchaburi Bangkawe,1999-01-01,0.143125
Phetchaburi Bangkawe,1999-02-01,0.057175
Phetchaburi Bangkawe,1999-03-01,-0.003975
Phetchaburi Bangkawe,1999-04-01,-0.0546
Phetchaburi Bangkawe,1999-05-01,-0.105975
Phetchaburi Bangkawe,1999-06-01,-0.13815
Phetchaburi Bangkawe,1999-07-01,-0.197525
Phetchaburi Bangkawe,1999-08-01,-0.163375
Phetchaburi Bangkawe,1999-09-01,-0.108325
Phetchaburi Bangkawe,1999-10-01,0.043625
Phetchaburi Bangkawe,1999-11-01,0.098225
Phetchaburi Bangkawe,1999-12-01,0.142025
Phetchaburi Bangkawe,2000-01-01,0.1563
Phetchaburi Bangkawe,2000-02-01,0.1172
Phetchaburi Bangkawe,2000-03-01,0.08655
Phetchaburi Bangkawe,2000-04-01,-0.03685
Phetchaburi Bangkawe,2000-05-01,-0.127425
Phetchaburi Bangkawe,2000-06-01,-0.09185
Phetchaburi Bangkawe,2000-07-01,-0.134825
Phetchaburi Bangkawe,2000-08-01,-0.17505
Phetchaburi Bangkawe,2000-09-01,-0.0671
Phetchaburi Bangkawe,2000-10-01,-0.03305
Phetchaburi Bangkawe,2000-11-01,0.115025
Phetchaburi Bangkawe,2000-12-01,0.13355
Phetchaburi Bangkawe,2001-01-01,0.13745
Phetchaburi Bangkawe,2001-02-01,0.15715
Phetchaburi Bangkawe,2001-03-01,0.054175
Phetchaburi Bangkawe,2001-04-01,-0.006975
Phetchaburi Bangkawe,2001-05-01,-0.111075
Phetchaburi Bangkawe,2001-06-01,-0.137875
Phetchaburi Bangkawe,2001-07-01,-0.1246
Phetchaburi Bangkawe,2001-08-01,-0.1675
Phetchaburi Bangkawe,2001-09-01,-0.066225
Phetchaburi Bangkawe,2001-10-01,0.021
Phetchaburi Bangkawe,2001-11-01,0.1791
Phetchaburi Bangkawe,2001-12-01,0.196
Phetchaburi Bangkawe,2002-01-01,0.1577
Phetchaburi Bangkawe,2002-02-01,0.1332
Phetchaburi Bangkawe,2002-03-01,0.0522
Phetchaburi Bangkawe,2002-04-01,0.0688
Phetchaburi Bangkawe,2002-05-01,-0.048125
Phetchaburi Bangkawe,2002-06-01,-0.11535
Phetchaburi Bangkawe,2002-07-01,-0.0991
Phetchaburi Bangkawe,2002-08-01,-0.190475
Phetchaburi Bangkawe,2002-09-01,-0.1303
Phetchaburi Bangkawe,2002-10-01,0.047325
Phetchaburi Bangkawe,2002-11-01,0.1021
Phetchaburi Bangkawe,2002-12-01,0.1408
Phetchaburi Bangkawe,2003-01-01,0.1907
Phetchaburi Bangkawe,2003-02-01,0.160025
Phetchaburi Bangkawe,2003-03-01,0.112625
Phetchaburi Bangkawe,2003-04-01,0.00525
Phetchaburi Bangkawe,2003-05-01,-0.087025
Phetchaburi Bangkawe,2003-06-01,-0.111275
Phetchaburi Bangkawe,2003-07-01,-0.1369
Phetchaburi Bangkawe,2003-08-01,-0.127175
Phetchaburi Bangkawe,2003-09-01,-0.074275
Phetchaburi Bangkawe,2003-10-01,0.04935
Phetchaburi Bangkawe,2003-11-01,0.196775
Phetchaburi Bangkawe,2003-12-01,0.300775
Phetchaburi Bangkawe,2004-01-01,0.1538
Phetchaburi Bangkawe,2004-02-01,0.156975
Phetchaburi Bangkawe,2004-03-01,0.047975
Phetchaburi Bangkawe,2004-04-01,-0.029225
Phetchaburi Bangkawe,2004-05-01,-0.0662
Phetchaburi Bangkawe,2004-06-01,-0.121575
Phetchaburi Bangkawe,2004-07-01,-0.110825
Phetchaburi Bangkawe,2004-08-01,-0.1494
Phetchaburi Bangkawe,2004-09-01,-0.0769
Phetchaburi Bangkawe,2004-10-01,0.164525
Phetchaburi Bangkawe,2004-11-01,0.192575
Phetchaburi Bangkawe,2004-12-01,0.238225
Phetchaburi Bangkawe,2005-01-01,0.175675
Phetchaburi Bangkawe,2005-02-01,0.099425
Phetchaburi Bangkawe,2005-03-01,0.126125
Phetchaburi Bangkawe,2005-04-01,-0.0246
Phetchaburi Bangkawe,2005-05-01,-0.1217
Phetchaburi Bangkawe,2005-06-01,-0.14895
Phetchaburi Bangkawe,2005-07-01,-0.1789
Phetchaburi Bangkawe,2005-08-01,-0.165125
Phetchaburi Bangkawe,2005-09-01,-0.156125
Phetchaburi Bangkawe,2005-10-01,0.002475
Phetchaburi Bangkawe,2005-11-01,0.1144
Phetchaburi Bangkawe,2005-12-01,0.1515
Phetchaburi Bangkawe,2006-01-01,0.124425
Phetchaburi Bangkawe,2006-02-01,0.1537
Phetchaburi Bangkawe,2006-03-01,0.079825
Phetchaburi Bangkawe,2006-04-01,-0.01615
Phetchaburi Bangkawe,2006-05-01,-0.0266
Phetchaburi Bangkawe,2006-06-01,-0.1474
Phetchaburi Bangkawe,2006-07-01,-0.1504
Phetchaburi Bangkawe,2006-08-01,-0.124375
Phetchaburi Bangkawe,2006-09-01,-0.078375
Phetchaburi Bangkawe,2006-10-01,0.049325
Phetchaburi Bangkawe,2006-11-01,0.142875
Phetchaburi Bangkawe,2006-12-01,0.2322
Phetchaburi Bangkawe,2007-01-01,0.17445
Phetchaburi Bangkawe,2007-02-01,-0.01725
Phetchaburi Bangkawe,2007-03-01,0.054525
Phetchaburi Bangkawe,2007-04-01,0.0458
Phetchaburi Bangkawe,2007-05-01,-0.04735
Phetchaburi Bangkawe,2007-06-01,-0.122775
Phetchaburi Bangkawe,2007-07-01,-0.192825
Phetchaburi Bangkawe,2007-08-01,-0.158275
Phetchaburi Bangkawe,2007-09-01,-0.1221
Phetchaburi Bangkawe,2007-10-01,0.009675
Phetchaburi Bangkawe,2007-11-01,0.2346
Phetchaburi Bangkawe,2007-12-01,0.174875
Phetchaburi Bangkawe,2008-01-01,0.179125
Phetchaburi Bangkawe,2008-02-01,0.184225
Phetchaburi Bangkawe,2008-03-01,0.08895
Phetchaburi Bangkawe,2008-04-01,0.012575
Phetchaburi Bangkawe,2008-05-01,-0.04155
Phetchaburi Bangkawe,2008-06-01,-0.130675
Phetchaburi Bangkawe,2008-07-01,-0.114975
Phetchaburi Bangkawe,2008-08-01,-0.0968
Phetchaburi Bangkawe,2008-09-01,-0.0901
Phetchaburi Bangkawe,2008-10-01,-0.03075
Phetchaburi Bangkawe,2008-11-01,0.184975
Phetchaburi Bangkawe,2008-12-01,0.2422
Phetchaburi Bangkawe,2009-01-01,0.183675
Phetchaburi Bangkawe,2009-02-01,0.0656
Phetchaburi Bangkawe,2009-03-01,0.05445
Phetchaburi Bangkawe,2009-04-01,-0.023775
Phetchaburi Bangkawe,2009-05-01,-0.0011
Phetchaburi Bangkawe,2009-06-01,-0.03135
Phetchaburi Bangkawe,2009-07-01,-0.125025
Phetchaburi Bangkawe,2009-08-01,-0.11945
Phetchaburi Bangkawe,2009-09-01,-0.110925
Phetchaburi Bangkawe,2009-10-01,0.070325
Phetchaburi Bangkawe,2009-11-01,0.2007
Phetchaburi Bangkawe,2009-12-01,0.211375
Phetchaburi Bangkawe,2010-01-01,0.208025
Phetchaburi Bangkawe,2010-02-01,0.0687
Phetchaburi Bangkawe,2010-03-01,0.072075
Phetchaburi Bangkawe,2010-04-01,0.1146
Phetchaburi Bangkawe,2010-05-01,-0.015275
Phetchaburi Bangkawe,2010-06-01,-0.1385
Phetchaburi Bangkawe,2010-07-01,-0.056575
Phetchaburi Bangkawe,2010-08-01,-0.07535
Phetchaburi Bangkawe,2010-09-01,-0.049125
Phetchaburi Bangkawe,2010-10-01,0.072225
Phetchaburi Bangkawe,2010-11-01,0.221525
Phetchaburi Bangkawe,2010-12-01,0.235575
Phetchaburi Bangkawe,2011-01-01,0.2433
Phetchaburi Bangkawe,2011-02-01,0.195525
Phetchaburi Bangkawe,2011-03-01,0.1791
Phetchaburi Bangkawe,2011-04-01,0.0807
Phetchaburi Bangkawe,2011-05-01,-0.082075
Phetchaburi Bangkawe,2011-06-01,-0.139575
Phetchaburi Bangkawe,2011-07-01,-0.1134
Phetchaburi Bangkawe,2011-08-01,-0.099475
Phetchaburi Bangkawe,2011-09-01,-0.1391
Phetchaburi Bangkawe,2011-10-01,0.093375
Phetchaburi Bangkawe,2011-11-01,0.197175
Phetchaburi Bangkawe,2011-12-01,0.2975
Phetchaburi Bangkawe,2012-01-01,0.196125
Phetchaburi Bangkawe,2012-02-01,0.160925
Phetchaburi Bangkawe,2012-03-01,0.116725
Phetchaburi Bangkawe,2012-04-01,0.01815
Phetchaburi Bangkawe,2012-05-01,-0.12355
Phetchaburi Bangkawe,2012-06-01,-0.14315
Phetchaburi Bangkawe,2012-07-01,-0.095675
Phetchaburi Bangkawe,2012-08-01,-0.0768
Phetchaburi Bangkawe,2012-09-01,-0.03735
Phetchaburi Bangkawe,2012-10-01,0.114125
Phetchaburi Bangkawe,2012-11-01,0.16795
Phetchaburi Bangkawe,2012-12-01,0.29675
Phetchaburi Bangkawe,2013-01-01,0.34915
Phetchaburi Bangkawe,2013-02-01,0.247475
Phetchaburi Bangkawe,2013-03-01,0.141275
Phetchaburi Bangkawe,2013-04-01,0.04875
Phetchaburi Bangkawe,2013-05-01,-0.001
Phetchaburi Bangkawe,2013-06-01,-0.148775
Phetchaburi Bangkawe,2013-07-01,-0.088025
Phetchaburi Bangkawe,2013-08-01,-0.0981
Phetchaburi Bangkawe,2013-09-01,-0.0343
Phetchaburi Bangkawe,2013-10-01,0.172125
Phetchaburi Bangkawe,2013-11-01,0.230775
Phetchaburi Bangkawe,2013-12-01,0.266775
Phetchaburi Bangkawe,2014-01-01,0.190025
Phetchaburi Bangkawe,2014-02-01,0.228825
Phetchaburi Bangkawe,2014-03-01,0.17695
Phetchaburi Bangkawe,2014-04-01,0.04155
Phetchaburi Bangkawe,2014-05-01,-0.04
Phetchaburi Bangkawe,2014-06-01,-0.1395
Phetchaburi Bangkawe,2014-07-01,-0.1218
Phetchaburi Bangkawe,2014-08-01,-0.0713
Phetchaburi Bangkawe,2014-09-01,-0.087425
Phetchaburi Bangkawe,2014-10-01,0.1259
Phetchaburi Bangkawe,2014-11-01,0.19495
Phetchaburi Bangkawe,2014-12-01,0.330125
Phetchaburi Bangkawe,2015-01-01,0.282575
Phetchaburi Bangkawe,2015-02-01,0.1839
Phetchaburi Bangkawe,2015-03-01,0.1398
Phetchaburi Bangkawe,2015-04-01,0.07815
Phetchaburi Bangkawe,2015-05-01,-0.0468
Phetchaburi Bangkawe,2015-06-01,-0.142575
Phetchaburi Bangkawe,2015-07-01,-0.1107
Phetchaburi Bangkawe,2015-08-01,-0.1194
Phetchaburi Bangkawe,2015-09-01,-0.0654
Phetchaburi Bangkawe,2015-10-01,0.099025
Phetchaburi Bangkawe,2015-11-01,0.218025
Phetchaburi Bangkawe,2015-12-01,0.307775
Phetchaburi Bangkawe,2016-01-01,0.31805
Phetchaburi Bangkawe,2016-02-01,0.3045
Phetchaburi Bangkawe,2016-03-01,0.2083
Phetchaburi Bangkawe,2016-04-01,0.052875
Phetchaburi Bangkawe,2016-05-01,0.0284
Phetchaburi Bangkawe,2016-06-01,-0.08295
Phetchaburi Bangkawe,2016-07-01,-0.054125
Phetchaburi Bangkawe,2016-08-01,-0.1459
Phetchaburi Bangkawe,2016-09-01,-0.122725
Phetchaburi Bangkawe,2016-10-01,-0.0193
Phetchaburi Bangkawe,2016-11-01,0.181925
Phetchaburi Bangkawe,2016-12-01,0.22445
Phetchaburi Bangkawe,2017-01-01,0.2678
Phetchaburi Bangkawe,2017-02-01,0.241825
Phetchaburi Bangkawe,2017-03-01,0.2044
Phetchaburi Bangkawe,2017-04-01,0.11915
Phetchaburi Bangkawe,2017-05-01,-0.016425
Phetchaburi Bangkawe,2017-06-01,-0.1143
Phetchaburi Bangkawe,2017-07-01,-0.068675
Phetchaburi Bangkawe,2017-08-01,-0.036775
Phetchaburi Bangkawe,2017-09-01,0.01785
Phetchaburi Bangkawe,2017-10-01,0.0869
Phetchaburi Bangkawe,2017-11-01,0.2005
Phetchaburi Bangkawe,2017-12-01,0.271875
Phetchaburi Bangkawe,2018-01-01,0.200075
Phetchaburi Bangkawe,2018-02-01,0.125175
Phetchaburi Bangkawe,2018-03-01,0.05475
Phetchaburi Bangkawe,2018-04-01,0.041975
Phetchaburi Bangkawe,2018-05-01,-0.0357
Phetchaburi Bangkawe,2018-06-01,-0.1105
Phetchaburi Bangkawe,2018-07-01,-0.118525
Phetchaburi Bangkawe,2018-08-01,-0.069725
Phetchaburi Bangkawe,2018-09-01,-0.04365
Phetchaburi Bangkawe,2018-10-01,0.095675
Phetchaburi Bangkawe,2018-11-01,0.2012
Phetchaburi Bangkawe,2018-12-01,0.225275
Phetchaburi Bangkawe,2019-01-01,0.254925
Phetchaburi Bangkawe,2019-02-01,0.166825
Phetchaburi Bangkawe,2019-03-01,0.108625
Phetchaburi Bangkawe,2019-04-01,0.087825
Phetchaburi Bangkawe,2019-05-01,0.0416
Phetchaburi Bangkawe,2019-06-01,-0.0192
Phetchaburi Bangkawe,2019-07-01,-0.058225
Phetchaburi Bangkawe,2019-08-01,-0.104925
Phetchaburi Bangkawe,2019-09-01,-0.08015
Phetchaburi Bangkawe,2019-10-01,0.11975
Phetchaburi Bangkawe,2019-11-01,0.261525
Phetchaburi Bangkawe,2019-12-01,0.289
Phetchaburi Bangkawe,2020-01-01,0.2118
Phetchaburi Bangkawe,2020-02-01,0.254375
Phetchaburi Bangkawe,2020-03-01,0.112725
Phetchaburi Bangkawe,2020-04-01,0.149625
Phetchaburi Bangkawe,2020-05-01,0.041
Phetchaburi Bangkawe,2020-06-01,-0.084025
Phetchaburi Bangkawe,2020-07-01,-0.110675
Phetchaburi Bangkawe,2020-08-01,-0.0361
Phetchaburi Bangkawe,2020-09-01,-0.003025
Phetchaburi Bangkawe,2020-10-01,0.097675
Phetchaburi Bangkawe,2020-11-01,0.26045
Phetchaburi Bangkawe,2020-12-01,0.2797
Phetchaburi Bangkawe,2021-01-01,0.3039
Phetchaburi Bangkawe,2021-02-01,0.161675
Phetchaburi Bangkawe,2021-03-01,0.075725
Phetchaburi Bangkawe,2021-04-01,0.026725
Phetchaburi Bangkawe,2021-05-01,-0.021325
Phetchaburi Bangkawe,2021-06-01,-0.06665
Phetchaburi Bangkawe,2021-07-01,-0.0606
Phetchaburi Bangkawe,2021-08-01,-0.048875
Phetchaburi Bangkawe,2021-09-01,-0.069525
Phetchaburi Bangkawe,2021-10-01,0.0353
Phetchaburi Bangkawe,2021-11-01,0.2347
Phetchaburi Bangkawe,2021-12-01,0.29055
Phetchaburi Bangkawe,2022-01-01,0.23275
Phetchaburi Bangkawe,2022-02-01,0.25695
Phetchaburi Bangkawe,2022-03-01,0.129275
Phetchaburi Bangkawe,2022-04-01,0.1195
Phetchaburi Bangkawe,2022-05-01,0.026575
Phetchaburi Bangkawe,2022-06-01,-0.0267
Phetchaburi Bangkawe,2022-07-01,-0.01555
Phetchaburi Bangkawe,2022-08-01,-0.0212
Phetchaburi Bangkawe,2022-09-01,-0.008975
Phetchaburi Bangkawe,2022-10-01,0.158025
Phetchaburi Bangkawe,2022-11-01,0.249575
Phetchaburi Bangkawe,2022-12-01,0.370625
Phetchaburi Bangkawe,2023-01-01,0.2784
Phetchaburi Bangkawe,2023-02-01,0.272475
Phetchaburi Bangkawe,2023-03-01,0.20925
Phetchaburi Bangkawe,2023-04-01,0.087
Phetchaburi Bangkawe,2023-05-01,0.0566
Phetchaburi Bangkawe,2023-06-01,-0.0642
Phetchaburi Bangkawe,2023-07-01,-0.093825
Phetchaburi Bangkawe,2023-08-01,-0.12795
Phetchaburi Bangkawe,2023-09-01,-0.0152
Phetchaburi Bangkawe,2023-10-01,0.092625
Phetchaburi Bangkawe,2023-11-01,0.246675
Phetchaburi Bangkawe,2023-12-01,0.29655
Phetchaburi Bangkawe,2024-01-01,0.298225
Phetchaburi Bangkawe,2024-02-01,0.254125
Phetchaburi Bangkawe,2024-03-01,0.13575
Phetchaburi Bangkawe,2024-04-01,0.036775
Phetchaburi Bangkawe,2024-05-01,0.05035
Phetchaburi Bangkawe,2024-06-01,-0.06715
Phetchaburi Bangkawe,2024-07-01,-0.018225
Phetchaburi Bangkawe,2024-08-01,0.00745
Phetchaburi Bangkawe,2024-09-01,-0.065625
Phetchaburi Bangkawe,2024-10-01,0.10855
Phetchaburi Bangkawe,2024-11-01,0.296525
Phetchaburi Bangkawe,2024-12-01,0.29935
